event_id,prediction,threat_type,confidence_score,anomaly_score,severity,model_version,prediction_timestamp
EVT00001,Suspicious,Brute Force,30,-0.04148313065090037,High,IF_v2,2026-08-18T21:13:23.477157
EVT00002,Suspicious,Phishing Email,55,-0.009807507841174123,High,IF_v2,2026-08-18T21:13:23.477157
EVT00003,Suspicious,File Access,55,-0.0021482054996752042,High,IF_v2,2026-08-18T21:13:23.477157
EVT00004,Suspicious,Port Scan,30,-0.009422359805787872,Medium,IF_v2,2026-08-18T21:13:23.477157
EVT00005,Suspicious,Phishing Email,35,-0.010418585584538675,Medium,IF_v2,2026-08-18T21:13:23.477157
EVT00006,Suspicious,Brute Force,50,-0.07375590702154267,High,IF_v2,2026-08-18T21:13:23.477157
EVT00007,Suspicious,Malware Detection,70,-0.05548325692935163,High,IF_v2,2026-08-18T21:13:23.477157
EVT00008,Normal,Port Scan,5,0.0003176603119849353,Low,IF_v2,2026-08-18T21:13:23.477157
EVT00009,Suspicious,USB Device Connected,45,-0.0034859578346126963,High,IF_v2,2026-08-18T21:13:23.477157
EVT00010,Normal,Privilege Escalation,5,0.012900872340181058,Low,IF_v2,2026-08-18T21:13:23.477157
EVT00011,Suspicious,USB Device Connected,45,-0.0006821450540668295,High,IF_v2,2026-08-18T21:13:23.477157
EVT00012,Normal,Login Success,10,0.00833591898372904,Low,IF_v2,2026-08-18T21:13:23.477157
EVT00013,Suspicious,File Access,45,-0.0021789265389617896,High,IF_v2,2026-08-18T21:13:23.477157
EVT00014,Suspicious,Brute Force,40,-0.016831543453528663,High,IF_v2,2026-08-18T21:13:23.477157
EVT00015,Suspicious,Phishing Email,30,-0.017710819152224944,Medium,IF_v2,2026-08-18T21:13:23.477157
EVT00016,Suspicious,SQL Injection Attempt,45,-0.006852430058076453,High,IF_v2,2026-08-18T21:13:23.477157
EVT00017,Suspicious,Brute Force,30,-0.004129848900579769,High,IF_v2,2026-08-18T21:13:23.477157
EVT00018,Suspicious,Brute Force,50,-0.06058685605049907,High,IF_v2,2026-08-18T21:13:23.477157
EVT00019,Suspicious,Phishing Email,30,-0.011470554906471753,Medium,IF_v2,2026-08-18T21:13:23.477157
EVT00020,Suspicious,File Access,45,-0.014143311261462399,High,IF_v2,2026-08-18T21:13:23.477157
EVT00021,Normal,File Access,15,0.004999650440152381,Low,IF_v2,2026-08-18T21:13:23.477157
EVT00022,Normal,File Access,5,0.010322515198977866,Low,IF_v2,2026-08-18T21:13:23.477157
EVT00023,Suspicious,Port Scan,55,-0.008374916827612267,High,IF_v2,2026-08-18T21:13:23.477157
EVT00024,Normal,Login Success,10,0.00018551763728452686,Low,IF_v2,2026-08-18T21:13:23.477157
EVT00025,Normal,Failed Login,0,0.0001910015037906443,Low,IF_v2,2026-08-18T21:13:23.477157
EVT00026,Suspicious,Brute Force,65,-0.06344513009452157,High,IF_v2,2026-08-18T21:13:23.477157
EVT00027,Suspicious,Brute Force,55,-0.019973222237397614,High,IF_v2,2026-08-18T21:13:23.477157
EVT00028,Suspicious,Login Success,55,-0.001269495078787708,High,IF_v2,2026-08-18T21:13:23.477157
EVT00029,Normal,Privilege Escalation,0,0.00812901682670547,Low,IF_v2,2026-08-18T21:13:23.477157
EVT00030,Suspicious,Malware Detection,55,-0.040448503193778906,High,IF_v2,2026-08-18T21:13:23.477157
EVT00031,Suspicious,Brute Force,35,-0.02585233113080354,High,IF_v2,2026-08-18T21:13:23.477157
EVT00032,Suspicious,USB Device Connected,30,-0.0040320233838968544,Medium,IF_v2,2026-08-18T21:13:23.477157
EVT00033,Suspicious,Phishing Email,30,-0.0061669955481880034,Medium,IF_v2,2026-08-18T21:13:23.477157
EVT00034,Suspicious,Failed Login,50,-0.040238315222379084,High,IF_v2,2026-08-18T21:13:23.477157
EVT00035,Normal,Privilege Escalation,5,0.014115874780478377,Low,IF_v2,2026-08-18T21:13:23.477157
EVT00036,Suspicious,Phishing Email,35,-0.017313952412131295,Medium,IF_v2,2026-08-18T21:13:23.477157
EVT00037,Suspicious,File Access,45,-0.0017623463855160892,High,IF_v2,2026-08-18T21:13:23.477157
EVT00038,Suspicious,Failed Login,75,-0.00656467906801228,High,IF_v2,2026-08-18T21:13:23.477157
EVT00039,Normal,USB Device Connected,25,0.0036805330655352853,Low,IF_v2,2026-08-18T21:13:23.477157
EVT00040,Suspicious,Login Success,65,-0.0014413366387505677,High,IF_v2,2026-08-18T21:13:23.477157
EVT00041,Suspicious,Brute Force,30,-0.015628492475362354,High,IF_v2,2026-08-18T21:13:23.477157
EVT00042,Suspicious,Brute Force,40,-0.03978848489509734,High,IF_v2,2026-08-18T21:13:23.477157
EVT00043,Normal,USB Device Connected,15,0.004248153726480686,Low,IF_v2,2026-08-18T21:13:23.477157
EVT00044,Suspicious,Malware Detection,55,-0.03336701347805082,High,IF_v2,2026-08-18T21:13:23.477157
EVT00045,Suspicious,Phishing Email,30,-0.015138840454053004,Medium,IF_v2,2026-08-18T21:13:23.477157
EVT00046,Suspicious,Failed Login,45,-0.001340391740517366,High,IF_v2,2026-08-18T21:13:23.477157
EVT00047,Suspicious,SQL Injection Attempt,30,-0.005381050169796953,High,IF_v2,2026-08-18T21:13:23.477157
EVT00048,Suspicious,Port Scan,45,-0.016605139787257195,High,IF_v2,2026-08-18T21:13:23.477157
EVT00049,Suspicious,Phishing Email,30,-0.015191472282428009,Medium,IF_v2,2026-08-18T21:13:23.477157
EVT00050,Normal,Privilege Escalation,5,0.008917235638347454,Low,IF_v2,2026-08-18T21:13:23.477157
EVT00051,Suspicious,USB Device Connected,35,-0.006118867412388318,Medium,IF_v2,2026-08-18T21:13:23.477157
EVT00052,Suspicious,SQL Injection Attempt,30,-0.019335196053406833,High,IF_v2,2026-08-18T21:13:23.477157
EVT00053,Suspicious,Login Success,40,-0.0284361536646337,Medium,IF_v2,2026-08-18T21:13:23.477157
EVT00054,Suspicious,Brute Force,30,-0.04797148360702874,High,IF_v2,2026-08-18T21:13:23.477157
EVT00055,Suspicious,Brute Force,65,-0.007248515120240606,High,IF_v2,2026-08-18T21:13:23.477157
EVT00056,Suspicious,Failed Login,30,-0.003139308471848179,High,IF_v2,2026-08-18T21:13:23.477157
EVT00057,Suspicious,Login Success,50,-0.005191101828126543,High,IF_v2,2026-08-18T21:13:23.477157
EVT00058,Suspicious,Phishing Email,30,-0.009763356069376838,Medium,IF_v2,2026-08-18T21:13:23.477157
EVT00059,Suspicious,Malware Detection,55,-0.05453823717452888,High,IF_v2,2026-08-18T21:13:23.477157
EVT00060,Suspicious,Phishing Email,30,-0.01785265250128476,Medium,IF_v2,2026-08-18T21:13:23.477157
EVT00061,Normal,Failed Login,15,0.0034168983231315786,Low,IF_v2,2026-08-18T21:13:23.477157
EVT00062,Suspicious,USB Device Connected,30,-0.0019179721296318508,Medium,IF_v2,2026-08-18T21:13:23.477157
EVT00063,Suspicious,Login Success,75,-0.007131725164802094,High,IF_v2,2026-08-18T21:13:23.477157
EVT00064,Suspicious,Port Scan,35,-0.008464285070920119,Medium,IF_v2,2026-08-18T21:13:23.477157
EVT00065,Normal,SQL Injection Attempt,5,0.02206835256966877,Low,IF_v2,2026-08-18T21:13:23.477157
EVT00066,Suspicious,File Access,35,-0.007807782444311906,Medium,IF_v2,2026-08-18T21:13:23.477157
EVT00067,Suspicious,Privilege Escalation,30,-0.010912725293254377,High,IF_v2,2026-08-18T21:13:23.477157
EVT00068,Suspicious,Brute Force,35,-0.015735788761844782,High,IF_v2,2026-08-18T21:13:23.477157
EVT00069,Suspicious,Port Scan,35,-0.009260800571237238,Medium,IF_v2,2026-08-18T21:13:23.477157
EVT00070,Suspicious,Failed Login,50,-0.012452669136874484,High,IF_v2,2026-08-18T21:13:23.477157
EVT00071,Suspicious,Brute Force,55,-0.03916834256011137,High,IF_v2,2026-08-18T21:13:23.477157
EVT00072,Suspicious,Port Scan,30,-0.016496738618669404,Medium,IF_v2,2026-08-18T21:13:23.477157
EVT00073,Suspicious,Port Scan,30,-0.008612917148789978,Medium,IF_v2,2026-08-18T21:13:23.477157
EVT00074,Suspicious,Phishing Email,35,-0.01080586630642344,Medium,IF_v2,2026-08-18T21:13:23.477157
EVT00075,Suspicious,Brute Force,50,-0.05228620833831443,High,IF_v2,2026-08-18T21:13:23.477157
EVT00076,Suspicious,Phishing Email,30,-0.00924230046225838,Medium,IF_v2,2026-08-18T21:13:23.477157
EVT00077,Suspicious,Failed Login,40,-0.006400241811564622,High,IF_v2,2026-08-18T21:13:23.477157
EVT00078,Normal,File Access,5,0.006881315901511087,Low,IF_v2,2026-08-18T21:13:23.477157
EVT00079,Suspicious,Failed Login,50,-0.03742343106137702,High,IF_v2,2026-08-18T21:13:23.477157
EVT00080,Normal,Privilege Escalation,5,0.0029350778744201,Low,IF_v2,2026-08-18T21:13:23.477157
EVT00081,Suspicious,Phishing Email,30,-0.02634806226903852,Medium,IF_v2,2026-08-18T21:13:23.477157
EVT00082,Normal,File Access,0,0.001323307928460138,Low,IF_v2,2026-08-18T21:13:23.477157
EVT00083,Normal,USB Device Connected,15,0.004000661144212325,Low,IF_v2,2026-08-18T21:13:23.477157
EVT00084,Suspicious,Failed Login,50,-0.029225327483272112,High,IF_v2,2026-08-18T21:13:23.477157
EVT00085,Suspicious,Failed Login,50,-0.009690285861572168,High,IF_v2,2026-08-18T21:13:23.477157
EVT00086,Suspicious,Malware Detection,70,-0.039648569014830604,High,IF_v2,2026-08-18T21:13:23.477157
EVT00087,Normal,USB Device Connected,15,0.003604035310013687,Low,IF_v2,2026-08-18T21:13:23.477157
EVT00088,Suspicious,Malware Detection,70,-0.04649740512492395,High,IF_v2,2026-08-18T21:13:23.477157
EVT00089,Suspicious,USB Device Connected,35,-0.015611519721759226,Medium,IF_v2,2026-08-18T21:13:23.477157
EVT00090,Normal,Port Scan,5,0.0060926293096879025,Low,IF_v2,2026-08-18T21:13:23.477157
EVT00091,Suspicious,File Access,30,-0.0028662335776103998,Medium,IF_v2,2026-08-18T21:13:23.477157
EVT00092,Suspicious,Failed Login,55,-0.0031966531817079202,High,IF_v2,2026-08-18T21:13:23.477157
EVT00093,Suspicious,Port Scan,30,-0.015061716738431263,Medium,IF_v2,2026-08-18T21:13:23.477157
EVT00094,Suspicious,Phishing Email,30,-0.007262175539947235,Medium,IF_v2,2026-08-18T21:13:23.477157
EVT00095,Suspicious,Malware Detection,60,-0.03354668439009034,High,IF_v2,2026-08-18T21:13:23.477157
EVT00096,Suspicious,Login Success,40,-0.005911328613642297,Medium,IF_v2,2026-08-18T21:13:23.477157
EVT00097,Suspicious,SQL Injection Attempt,45,-0.016837755090697737,High,IF_v2,2026-08-18T21:13:23.477157
EVT00098,Suspicious,Phishing Email,45,-0.002451134218949824,High,IF_v2,2026-08-18T21:13:23.477157
EVT00099,Suspicious,Malware Detection,70,-0.05311035494261762,High,IF_v2,2026-08-18T21:13:23.477157
EVT00100,Normal,USB Device Connected,5,0.00681283412321515,Low,IF_v2,2026-08-18T21:13:23.477157
EVT00101,Suspicious,Brute Force,45,-0.024385161089559126,High,IF_v2,2026-08-18T21:13:23.477157
EVT00102,Suspicious,Brute Force,30,-0.04222342895818221,High,IF_v2,2026-08-18T21:13:23.477157
EVT00103,Suspicious,Brute Force,75,-0.04069863343862934,High,IF_v2,2026-08-18T21:13:23.477157
EVT00104,Suspicious,Port Scan,45,-0.023632883098234636,High,IF_v2,2026-08-18T21:13:23.477157
EVT00105,Normal,File Access,5,0.0046330572221374156,Low,IF_v2,2026-08-18T21:13:23.477157
EVT00106,Suspicious,Port Scan,30,-0.008295511873816941,Medium,IF_v2,2026-08-18T21:13:23.477157
EVT00107,Suspicious,SQL Injection Attempt,30,-0.018532654348862976,High,IF_v2,2026-08-18T21:13:23.477157
EVT00108,Normal,File Access,15,0.0008611212997716722,Low,IF_v2,2026-08-18T21:13:23.477157
EVT00109,Suspicious,SQL Injection Attempt,45,-0.016830636660750797,High,IF_v2,2026-08-18T21:13:23.477157
EVT00110,Suspicious,Brute Force,65,-0.04650342378859362,High,IF_v2,2026-08-18T21:13:23.477157
EVT00111,Suspicious,SQL Injection Attempt,30,-0.02131939400410643,High,IF_v2,2026-08-18T21:13:23.477157
EVT00112,Suspicious,Login Success,40,-0.000325272342759253,Medium,IF_v2,2026-08-18T21:13:23.477157
EVT00113,Suspicious,Phishing Email,30,-0.005461469853458745,Medium,IF_v2,2026-08-18T21:13:23.477157
EVT00114,Suspicious,Port Scan,30,-0.007528256603777206,Medium,IF_v2,2026-08-18T21:13:23.477157
EVT00115,Normal,USB Device Connected,0,0.0091376797433938,Low,IF_v2,2026-08-18T21:13:23.477157
EVT00116,Suspicious,Port Scan,30,-0.015098299020113615,Medium,IF_v2,2026-08-18T21:13:23.477157
EVT00117,Suspicious,Privilege Escalation,30,-0.004041087486965189,High,IF_v2,2026-08-18T21:13:23.477157
EVT00118,Suspicious,Failed Login,55,-0.011582871486332968,High,IF_v2,2026-08-18T21:13:23.477157
EVT00119,Normal,Login Success,15,0.005602967825795668,Low,IF_v2,2026-08-18T21:13:23.477157
EVT00120,Suspicious,File Access,30,-0.0038751439844850744,Medium,IF_v2,2026-08-18T21:13:23.477157
EVT00121,Suspicious,Failed Login,50,-0.022862784899827404,High,IF_v2,2026-08-18T21:13:23.477157
EVT00122,Suspicious,Port Scan,30,-0.01673438686932549,Medium,IF_v2,2026-08-18T21:13:23.477157
EVT00123,Suspicious,Malware Detection,55,-0.04901598888485015,High,IF_v2,2026-08-18T21:13:23.477157
EVT00124,Suspicious,Failed Login,35,-0.00914283404840388,High,IF_v2,2026-08-18T21:13:23.477157
EVT00125,Suspicious,Failed Login,65,-0.008874860722528188,High,IF_v2,2026-08-18T21:13:23.477157
EVT00126,Suspicious,Malware Detection,60,-0.029410043615572645,High,IF_v2,2026-08-18T21:13:23.477157
EVT00127,Suspicious,Failed Login,55,-0.0034304109202568656,High,IF_v2,2026-08-18T21:13:23.477157
EVT00128,Suspicious,SQL Injection Attempt,30,-0.0011253384388326682,High,IF_v2,2026-08-18T21:13:23.477157
EVT00129,Suspicious,Malware Detection,80,-0.030378291548402103,Critical,IF_v2,2026-08-18T21:13:23.477157
EVT00130,Suspicious,Failed Login,65,-0.004403547115722439,High,IF_v2,2026-08-18T21:13:23.477157
EVT00131,Suspicious,SQL Injection Attempt,35,-0.011388625651497564,High,IF_v2,2026-08-18T21:13:23.477157
EVT00132,Normal,Login Success,10,0.0009198009110314431,Low,IF_v2,2026-08-18T21:13:23.477157
EVT00133,Suspicious,USB Device Connected,30,-0.013453163965904569,Medium,IF_v2,2026-08-18T21:13:23.477157
EVT00134,Suspicious,Brute Force,50,-0.026822753851584724,High,IF_v2,2026-08-18T21:13:23.477157
EVT00135,Suspicious,Login Success,55,-0.010712670957026882,High,IF_v2,2026-08-18T21:13:23.477157
EVT00136,Normal,Privilege Escalation,25,0.0004336278021208062,Low,IF_v2,2026-08-18T21:13:23.477157
EVT00137,Normal,Privilege Escalation,5,0.01687380964763857,Low,IF_v2,2026-08-18T21:13:23.477157
EVT00138,Suspicious,Brute Force,30,-0.023877946554933915,High,IF_v2,2026-08-18T21:13:23.477157
EVT00139,Suspicious,Phishing Email,35,-0.012745706229733367,Medium,IF_v2,2026-08-18T21:13:23.477157
EVT00140,Suspicious,SQL Injection Attempt,55,-0.02162762195931156,High,IF_v2,2026-08-18T21:13:23.477157
EVT00141,Suspicious,Brute Force,50,-0.04234462529779437,High,IF_v2,2026-08-18T21:13:23.477157
EVT00142,Normal,SQL Injection Attempt,5,0.012933205475367526,Low,IF_v2,2026-08-18T21:13:23.477157
EVT00143,Suspicious,Brute Force,50,-0.04830368650580397,High,IF_v2,2026-08-18T21:13:23.477157
EVT00144,Suspicious,Failed Login,55,-0.01816170089994007,High,IF_v2,2026-08-18T21:13:23.477157
EVT00145,Suspicious,USB Device Connected,35,-0.0051025404486931825,Medium,IF_v2,2026-08-18T21:13:23.477157
EVT00146,Suspicious,SQL Injection Attempt,35,-0.007259158951658851,High,IF_v2,2026-08-18T21:13:23.477157
EVT00147,Suspicious,Port Scan,45,-0.022525118908900632,High,IF_v2,2026-08-18T21:13:23.477157
EVT00148,Normal,USB Device Connected,0,0.0035226280550361144,Low,IF_v2,2026-08-18T21:13:23.477157
EVT00149,Suspicious,Failed Login,65,-0.007292183578858968,High,IF_v2,2026-08-18T21:13:23.477157
EVT00150,Normal,SQL Injection Attempt,5,0.011479472970278792,Low,IF_v2,2026-08-18T21:13:23.477157
EVT00151,Suspicious,SQL Injection Attempt,30,-0.0007686639409765217,High,IF_v2,2026-08-18T21:13:23.477157
EVT00152,Suspicious,Malware Detection,55,-0.02336256884798016,High,IF_v2,2026-08-18T21:13:23.477157
EVT00153,Suspicious,Brute Force,55,-0.02908145581426147,High,IF_v2,2026-08-18T21:13:23.477157
EVT00154,Suspicious,Phishing Email,35,-0.002607717078085159,Medium,IF_v2,2026-08-18T21:13:23.477157
EVT00155,Suspicious,Malware Detection,55,-0.018938744041137268,High,IF_v2,2026-08-18T21:13:23.477157
EVT00156,Suspicious,Login Success,55,-0.014047848160163023,High,IF_v2,2026-08-18T21:13:23.477157
EVT00157,Suspicious,SQL Injection Attempt,30,-0.019816583188878023,High,IF_v2,2026-08-18T21:13:23.477157
EVT00158,Suspicious,USB Device Connected,45,-0.004269521968558343,High,IF_v2,2026-08-18T21:13:23.477157
EVT00159,Suspicious,SQL Injection Attempt,35,-0.02316164927681197,High,IF_v2,2026-08-18T21:13:23.477157
EVT00160,Suspicious,SQL Injection Attempt,30,-0.006963558067291431,High,IF_v2,2026-08-18T21:13:23.477157
EVT00161,Suspicious,Malware Detection,55,-0.06025436601402534,High,IF_v2,2026-08-18T21:13:23.477157
EVT00162,Suspicious,Failed Login,55,-0.02429973303022248,High,IF_v2,2026-08-18T21:13:23.477157
EVT00163,Suspicious,Phishing Email,35,-0.01678940300310716,Medium,IF_v2,2026-08-18T21:13:23.477157
EVT00164,Suspicious,Privilege Escalation,30,-0.006026815612237613,High,IF_v2,2026-08-18T21:13:23.477157
EVT00165,Normal,USB Device Connected,15,0.0075758641420419215,Low,IF_v2,2026-08-18T21:13:23.477157
EVT00166,Suspicious,Phishing Email,30,-0.006596399222094096,Medium,IF_v2,2026-08-18T21:13:23.477157
EVT00167,Suspicious,Phishing Email,35,-0.004356362716840034,Medium,IF_v2,2026-08-18T21:13:23.477157
EVT00168,Suspicious,Brute Force,45,-0.011888678685685106,High,IF_v2,2026-08-18T21:13:23.477157
EVT00169,Suspicious,Privilege Escalation,35,-0.0025567021470006557,High,IF_v2,2026-08-18T21:13:23.477157
EVT00170,Suspicious,Malware Detection,55,-0.045341064498972794,High,IF_v2,2026-08-18T21:13:23.477157
EVT00171,Suspicious,Malware Detection,80,-0.04695846263294401,Critical,IF_v2,2026-08-18T21:13:23.477157
EVT00172,Suspicious,File Access,30,-0.007196284669579889,Medium,IF_v2,2026-08-18T21:13:23.477157
EVT00173,Suspicious,Malware Detection,60,-0.03414152502518841,High,IF_v2,2026-08-18T21:13:23.477157
EVT00174,Suspicious,File Access,35,-0.005964066291010872,Medium,IF_v2,2026-08-18T21:13:23.477157
EVT00175,Suspicious,SQL Injection Attempt,30,-0.022965131476875622,High,IF_v2,2026-08-18T21:13:23.477157
EVT00176,Suspicious,File Access,35,-0.006574550355869957,Medium,IF_v2,2026-08-18T21:13:23.477157
EVT00177,Suspicious,Privilege Escalation,45,-0.012244988525396683,High,IF_v2,2026-08-18T21:13:23.477157
EVT00178,Suspicious,Port Scan,35,-0.00293006759575154,Medium,IF_v2,2026-08-18T21:13:23.477157
EVT00179,Suspicious,Brute Force,65,-0.04336585758817846,High,IF_v2,2026-08-18T21:13:23.477157
EVT00180,Normal,Login Success,10,0.00017979259021849714,Low,IF_v2,2026-08-18T21:13:23.477157
EVT00181,Suspicious,Port Scan,30,-0.002279342888097169,Medium,IF_v2,2026-08-18T21:13:23.477157
EVT00182,Normal,Privilege Escalation,5,0.00938646295164508,Low,IF_v2,2026-08-18T21:13:23.477157
EVT00183,Suspicious,Malware Detection,80,-0.05406373824200561,Critical,IF_v2,2026-08-18T21:13:23.477157
EVT00184,Normal,USB Device Connected,5,0.0002935717225241996,Low,IF_v2,2026-08-18T21:13:23.477157
EVT00185,Normal,SQL Injection Attempt,0,0.012282677806102982,Low,IF_v2,2026-08-18T21:13:23.477157
EVT00186,Suspicious,Port Scan,45,-0.01915826440964541,High,IF_v2,2026-08-18T21:13:23.477157
EVT00187,Suspicious,Port Scan,55,-0.014864831925843758,High,IF_v2,2026-08-18T21:13:23.477157
EVT00188,Suspicious,Port Scan,45,-0.0030914736615575977,High,IF_v2,2026-08-18T21:13:23.477157
EVT00189,Normal,USB Device Connected,5,0.001959836236489154,Low,IF_v2,2026-08-18T21:13:23.477157
EVT00190,Normal,File Access,5,0.0015068413222657506,Low,IF_v2,2026-08-18T21:13:23.477157
EVT00191,Normal,Failed Login,10,0.013223056381937826,Low,IF_v2,2026-08-18T21:13:23.477157
EVT00192,Suspicious,Brute Force,30,-0.03800621531770554,High,IF_v2,2026-08-18T21:13:23.477157
EVT00193,Suspicious,SQL Injection Attempt,35,-0.000824530137665036,High,IF_v2,2026-08-18T21:13:23.477157
EVT00194,Suspicious,Phishing Email,30,-0.011287528821438908,Medium,IF_v2,2026-08-18T21:13:23.477157
EVT00195,Suspicious,Malware Detection,55,-0.051432799020529885,High,IF_v2,2026-08-18T21:13:23.477157
EVT00196,Normal,USB Device Connected,5,0.007565745777217414,Low,IF_v2,2026-08-18T21:13:23.477157
EVT00197,Suspicious,USB Device Connected,55,-0.00738057072215581,High,IF_v2,2026-08-18T21:13:23.477157
EVT00198,Suspicious,SQL Injection Attempt,30,-0.018449634609870702,High,IF_v2,2026-08-18T21:13:23.477157
EVT00199,Suspicious,File Access,30,-0.004436722499133738,Medium,IF_v2,2026-08-18T21:13:23.477157
EVT00200,Suspicious,USB Device Connected,30,-0.01890559462934771,Medium,IF_v2,2026-08-18T21:13:23.477157
EVT00201,Normal,File Access,0,0.015346080056276579,Low,IF_v2,2026-08-18T21:13:23.477157
EVT00202,Suspicious,SQL Injection Attempt,35,-0.016408766308572353,High,IF_v2,2026-08-18T21:13:23.477157
EVT00203,Normal,Privilege Escalation,0,0.009495152580300481,Low,IF_v2,2026-08-18T21:13:23.477157
EVT00204,Suspicious,USB Device Connected,30,-0.00990059010652411,Medium,IF_v2,2026-08-18T21:13:23.477157
EVT00205,Suspicious,Brute Force,50,-0.01436474965561485,High,IF_v2,2026-08-18T21:13:23.477157
EVT00206,Suspicious,Phishing Email,35,-0.021526564607283083,Medium,IF_v2,2026-08-18T21:13:23.477157
EVT00207,Normal,File Access,0,0.010566401228952749,Low,IF_v2,2026-08-18T21:13:23.477157
EVT00208,Suspicious,Privilege Escalation,45,-0.027121197360684524,High,IF_v2,2026-08-18T21:13:23.477157
EVT00209,Suspicious,Brute Force,65,-0.0034085172970229616,High,IF_v2,2026-08-18T21:13:23.477157
EVT00210,Normal,Privilege Escalation,15,0.02014793519132152,Low,IF_v2,2026-08-18T21:13:23.477157
EVT00211,Suspicious,Failed Login,45,-0.0028989817908161575,High,IF_v2,2026-08-18T21:13:23.477157
EVT00212,Suspicious,Brute Force,75,-0.059903285858435074,High,IF_v2,2026-08-18T21:13:23.477157
EVT00213,Suspicious,Phishing Email,30,-0.013056746630300653,Medium,IF_v2,2026-08-18T21:13:23.477157
EVT00214,Suspicious,Brute Force,40,-0.03357171081170873,High,IF_v2,2026-08-18T21:13:23.477157
EVT00215,Suspicious,Port Scan,55,-0.004942292057246056,High,IF_v2,2026-08-18T21:13:23.477157
EVT00216,Normal,Privilege Escalation,25,0.007524659975757575,Low,IF_v2,2026-08-18T21:13:23.477157
EVT00217,Normal,File Access,0,0.0026739208017786953,Low,IF_v2,2026-08-18T21:13:23.477157
EVT00218,Suspicious,SQL Injection Attempt,55,-0.004500820678444817,High,IF_v2,2026-08-18T21:13:23.477157
EVT00219,Suspicious,Privilege Escalation,35,-0.005444846393201197,High,IF_v2,2026-08-18T21:13:23.477157
EVT00220,Suspicious,Phishing Email,45,-0.018195221781355353,High,IF_v2,2026-08-18T21:13:23.477157
EVT00221,Suspicious,Brute Force,55,-0.037009384116356125,High,IF_v2,2026-08-18T21:13:23.477157
EVT00222,Normal,USB Device Connected,0,0.003922533966903119,Low,IF_v2,2026-08-18T21:13:23.477157
EVT00223,Suspicious,Malware Detection,70,-0.031147563181004645,High,IF_v2,2026-08-18T21:13:23.477157
EVT00224,Suspicious,Brute Force,45,-0.039176194744420245,High,IF_v2,2026-08-18T21:13:23.477157
EVT00225,Suspicious,Brute Force,45,-0.0401163385470954,High,IF_v2,2026-08-18T21:13:23.477157
EVT00226,Suspicious,Privilege Escalation,30,-0.005989303539173929,High,IF_v2,2026-08-18T21:13:23.477157
EVT00227,Normal,SQL Injection Attempt,5,0.0015985264921835052,Low,IF_v2,2026-08-18T21:13:23.477157
EVT00228,Normal,File Access,0,0.004089856006322001,Low,IF_v2,2026-08-18T21:13:23.477157
EVT00229,Suspicious,USB Device Connected,45,-0.009952370462592453,High,IF_v2,2026-08-18T21:13:23.477157
EVT00230,Normal,Privilege Escalation,25,0.013349751328021686,Low,IF_v2,2026-08-18T21:13:23.477157
EVT00231,Suspicious,Port Scan,35,-0.0037095254950704204,Medium,IF_v2,2026-08-18T21:13:23.477157
EVT00232,Suspicious,Malware Detection,60,-0.03973380311457686,High,IF_v2,2026-08-18T21:13:23.477157
EVT00233,Suspicious,Malware Detection,55,-0.04413626995116793,High,IF_v2,2026-08-18T21:13:23.477157
EVT00234,Normal,Privilege Escalation,0,0.012064685745608372,Low,IF_v2,2026-08-18T21:13:23.477157
EVT00235,Suspicious,USB Device Connected,45,-0.005198155686743977,High,IF_v2,2026-08-18T21:13:23.477157
EVT00236,Suspicious,SQL Injection Attempt,45,-0.024995947826286335,High,IF_v2,2026-08-18T21:13:23.477157
EVT00237,Suspicious,Failed Login,50,-0.004801900507901746,High,IF_v2,2026-08-18T21:13:23.477157
EVT00238,Normal,File Access,5,0.002462359318076146,Low,IF_v2,2026-08-18T21:13:23.477157
EVT00239,Suspicious,Login Success,65,-0.014417934643786268,High,IF_v2,2026-08-18T21:13:23.477157
EVT00240,Suspicious,Failed Login,50,-0.0016541982502794594,High,IF_v2,2026-08-18T21:13:23.477157
EVT00241,Suspicious,Malware Detection,80,-0.02945451295435164,Critical,IF_v2,2026-08-18T21:13:23.477157
EVT00242,Suspicious,Brute Force,55,-0.04297947562201365,High,IF_v2,2026-08-18T21:13:23.477157
EVT00243,Suspicious,SQL Injection Attempt,30,-0.00928024413945594,High,IF_v2,2026-08-18T21:13:23.477157
EVT00244,Normal,Port Scan,5,0.007367569856697953,Low,IF_v2,2026-08-18T21:13:23.477157
EVT00245,Suspicious,Login Success,55,-0.021113000055537956,High,IF_v2,2026-08-18T21:13:23.477157
EVT00246,Normal,File Access,25,0.0003029589142177769,Low,IF_v2,2026-08-18T21:13:23.477157
EVT00247,Suspicious,Port Scan,55,-0.02576121867702763,High,IF_v2,2026-08-18T21:13:23.477157
EVT00248,Suspicious,Port Scan,30,-0.011712072939190965,Medium,IF_v2,2026-08-18T21:13:23.477157
EVT00249,Suspicious,Privilege Escalation,45,-0.02166915763652011,High,IF_v2,2026-08-18T21:13:23.477157
EVT00250,Normal,Port Scan,5,0.010560578876440352,Low,IF_v2,2026-08-18T21:13:23.477157
EVT00251,Normal,SQL Injection Attempt,0,0.009366178349904941,Low,IF_v2,2026-08-18T21:13:23.477157
EVT00252,Suspicious,SQL Injection Attempt,55,-0.008082811112537391,High,IF_v2,2026-08-18T21:13:23.477157
EVT00253,Suspicious,Brute Force,45,-0.03967999893465268,High,IF_v2,2026-08-18T21:13:23.477157
EVT00254,Suspicious,Login Success,30,-0.0066090378206464795,Medium,IF_v2,2026-08-18T21:13:23.477157
EVT00255,Suspicious,Brute Force,45,-0.010216984990619293,High,IF_v2,2026-08-18T21:13:23.477157
EVT00256,Suspicious,Privilege Escalation,30,-0.001725047910209887,High,IF_v2,2026-08-18T21:13:23.477157
EVT00257,Suspicious,Login Success,40,-0.005549432654235131,Medium,IF_v2,2026-08-18T21:13:23.477157
EVT00258,Normal,Failed Login,5,0.0023654768160047968,Low,IF_v2,2026-08-18T21:13:23.477157
EVT00259,Suspicious,Phishing Email,30,-0.0049771523627506475,Medium,IF_v2,2026-08-18T21:13:23.477157
EVT00260,Suspicious,File Access,55,-0.007723959197969865,High,IF_v2,2026-08-18T21:13:23.477157
EVT00261,Suspicious,Malware Detection,70,-0.027719038434707133,High,IF_v2,2026-08-18T21:13:23.477157
EVT00262,Suspicious,Phishing Email,35,-0.009527657009427926,Medium,IF_v2,2026-08-18T21:13:23.477157
EVT00263,Normal,File Access,0,0.009588102966840817,Low,IF_v2,2026-08-18T21:13:23.477157
EVT00264,Suspicious,Malware Detection,55,-0.0344527632492152,High,IF_v2,2026-08-18T21:13:23.477157
EVT00265,Suspicious,Privilege Escalation,55,-0.0073318496980721015,High,IF_v2,2026-08-18T21:13:23.477157
EVT00266,Normal,File Access,5,0.013123341826974999,Low,IF_v2,2026-08-18T21:13:23.477157
EVT00267,Suspicious,SQL Injection Attempt,30,-0.004704658858779687,High,IF_v2,2026-08-18T21:13:23.477157
EVT00268,Suspicious,Privilege Escalation,45,-0.0010851665716152814,High,IF_v2,2026-08-18T21:13:23.477157
EVT00269,Suspicious,Malware Detection,60,-0.05229941501810531,High,IF_v2,2026-08-18T21:13:23.477157
EVT00270,Suspicious,File Access,35,-0.01119905084659234,Medium,IF_v2,2026-08-18T21:13:23.477157
EVT00271,Normal,Privilege Escalation,15,0.02316849400082771,Low,IF_v2,2026-08-18T21:13:23.477157
EVT00272,Normal,USB Device Connected,5,0.0014684326968082972,Low,IF_v2,2026-08-18T21:13:23.477157
EVT00273,Suspicious,Malware Detection,55,-0.039302181799521385,High,IF_v2,2026-08-18T21:13:23.477157
EVT00274,Suspicious,Malware Detection,60,-0.034860319239019666,High,IF_v2,2026-08-18T21:13:23.477157
EVT00275,Suspicious,Brute Force,50,-0.05483769070247302,High,IF_v2,2026-08-18T21:13:23.477157
EVT00276,Suspicious,Privilege Escalation,30,-0.0004493548784905155,High,IF_v2,2026-08-18T21:13:23.477157
EVT00277,Suspicious,Brute Force,30,-0.027865477255975102,High,IF_v2,2026-08-18T21:13:23.477157
EVT00278,Suspicious,File Access,30,-0.007675054912122392,Medium,IF_v2,2026-08-18T21:13:23.477157
EVT00279,Normal,File Access,0,0.006491898942516561,Low,IF_v2,2026-08-18T21:13:23.477157
EVT00280,Suspicious,Failed Login,65,-0.0019679473255639346,High,IF_v2,2026-08-18T21:13:23.477157
EVT00281,Suspicious,SQL Injection Attempt,30,-0.01583603362944641,High,IF_v2,2026-08-18T21:13:23.477157
EVT00282,Normal,USB Device Connected,0,0.0007860869565831097,Low,IF_v2,2026-08-18T21:13:23.477157
EVT00283,Suspicious,File Access,45,-0.0002476323626020571,High,IF_v2,2026-08-18T21:13:23.477157
EVT00284,Suspicious,Phishing Email,45,-0.010555770363680717,High,IF_v2,2026-08-18T21:13:23.477157
EVT00285,Suspicious,Login Success,30,-0.0020162291108897223,Medium,IF_v2,2026-08-18T21:13:23.477157
EVT00286,Suspicious,Port Scan,55,-0.012094047297875332,High,IF_v2,2026-08-18T21:13:23.477157
EVT00287,Suspicious,SQL Injection Attempt,30,-0.018144406985564854,High,IF_v2,2026-08-18T21:13:23.477157
EVT00288,Normal,Failed Login,0,0.011296460883023218,Low,IF_v2,2026-08-18T21:13:23.477157
EVT00289,Suspicious,Failed Login,55,-0.004621734360342744,High,IF_v2,2026-08-18T21:13:23.477157
EVT00290,Suspicious,Privilege Escalation,55,-0.026810023798997995,High,IF_v2,2026-08-18T21:13:23.477157
EVT00291,Normal,Login Success,15,0.010004808862622894,Low,IF_v2,2026-08-18T21:13:23.477157
EVT00292,Suspicious,USB Device Connected,35,-0.010418858931668717,Medium,IF_v2,2026-08-18T21:13:23.477157
EVT00293,Normal,SQL Injection Attempt,0,0.004833401973828755,Low,IF_v2,2026-08-18T21:13:23.477157
EVT00294,Suspicious,Malware Detection,55,-0.03233602802112934,High,IF_v2,2026-08-18T21:13:23.477157
EVT00295,Suspicious,SQL Injection Attempt,30,-0.015062309642983052,High,IF_v2,2026-08-18T21:13:23.477157
EVT00296,Suspicious,Brute Force,55,-0.04259611844594702,High,IF_v2,2026-08-18T21:13:23.477157
EVT00297,Normal,File Access,5,0.0060723277894186856,Low,IF_v2,2026-08-18T21:13:23.477157
EVT00298,Suspicious,Malware Detection,55,-0.039826641864141976,High,IF_v2,2026-08-18T21:13:23.477157
EVT00299,Suspicious,USB Device Connected,30,-0.006020973664798479,Medium,IF_v2,2026-08-18T21:13:23.477157
EVT00300,Suspicious,USB Device Connected,35,-0.0005617127033005209,Medium,IF_v2,2026-08-18T21:13:23.477157
EVT00301,Normal,Failed Login,35,0.0016112065202666392,Low,IF_v2,2026-08-18T21:13:23.477157
EVT00302,Normal,Privilege Escalation,5,0.013503880726998707,Low,IF_v2,2026-08-18T21:13:23.477157
EVT00303,Suspicious,File Access,35,-0.0007585905671607662,Medium,IF_v2,2026-08-18T21:13:23.477157
EVT00304,Suspicious,Brute Force,50,-0.04662691011007414,High,IF_v2,2026-08-18T21:13:23.477157
EVT00305,Suspicious,Brute Force,35,-0.024933001951011335,High,IF_v2,2026-08-18T21:13:23.477157
EVT00306,Suspicious,Malware Detection,60,-0.04113483246904159,High,IF_v2,2026-08-18T21:13:23.477157
EVT00307,Suspicious,Brute Force,65,-0.008393430384874279,High,IF_v2,2026-08-18T21:13:23.477157
EVT00308,Suspicious,SQL Injection Attempt,30,-0.008307808869320477,High,IF_v2,2026-08-18T21:13:23.477157
EVT00309,Suspicious,USB Device Connected,30,-0.023026736240249646,Medium,IF_v2,2026-08-18T21:13:23.477157
EVT00310,Normal,File Access,5,0.018455004973012223,Low,IF_v2,2026-08-18T21:13:23.477157
EVT00311,Suspicious,Brute Force,45,-0.012755413356074774,High,IF_v2,2026-08-18T21:13:23.477157
EVT00312,Suspicious,File Access,30,-0.00043923133206880127,Medium,IF_v2,2026-08-18T21:13:23.477157
EVT00313,Normal,Privilege Escalation,15,0.01895748683566506,Low,IF_v2,2026-08-18T21:13:23.477157
EVT00314,Suspicious,File Access,35,-0.0034880533179690865,Medium,IF_v2,2026-08-18T21:13:23.477157
EVT00315,Normal,File Access,5,0.013857079390889537,Low,IF_v2,2026-08-18T21:13:23.477157
EVT00316,Suspicious,SQL Injection Attempt,45,-0.006327763198511471,High,IF_v2,2026-08-18T21:13:23.477157
EVT00317,Normal,Brute Force,15,0.0010958560456467148,Low,IF_v2,2026-08-18T21:13:23.477157
EVT00318,Suspicious,Privilege Escalation,45,-0.008998168954013619,High,IF_v2,2026-08-18T21:13:23.477157
EVT00319,Normal,Port Scan,0,0.00432865431237478,Low,IF_v2,2026-08-18T21:13:23.477157
EVT00320,Suspicious,Phishing Email,30,-0.003864194558943268,Medium,IF_v2,2026-08-18T21:13:23.477157
EVT00321,Suspicious,USB Device Connected,30,-0.011603335473443499,Medium,IF_v2,2026-08-18T21:13:23.477157
EVT00322,Suspicious,Privilege Escalation,45,-0.0013957117467688906,High,IF_v2,2026-08-18T21:13:23.477157
EVT00323,Suspicious,USB Device Connected,35,-0.012116062979200315,Medium,IF_v2,2026-08-18T21:13:23.477157
EVT00324,Suspicious,SQL Injection Attempt,45,-0.00507380034742988,High,IF_v2,2026-08-18T21:13:23.477157
EVT00325,Normal,Privilege Escalation,5,0.018138801621272738,Low,IF_v2,2026-08-18T21:13:23.477157
EVT00326,Suspicious,Login Success,75,-0.022916282317478,High,IF_v2,2026-08-18T21:13:23.477157
EVT00327,Suspicious,Malware Detection,55,-0.029835544356304977,High,IF_v2,2026-08-18T21:13:23.477157
EVT00328,Suspicious,Port Scan,45,-0.011886955182201175,High,IF_v2,2026-08-18T21:13:23.477157
EVT00329,Suspicious,SQL Injection Attempt,35,-0.01166195972486761,High,IF_v2,2026-08-18T21:13:23.477157
EVT00330,Suspicious,Malware Detection,70,-0.03523546894420282,High,IF_v2,2026-08-18T21:13:23.477157
EVT00331,Suspicious,Brute Force,75,-0.051183691205057724,High,IF_v2,2026-08-18T21:13:23.477157
EVT00332,Suspicious,File Access,30,-0.0068844133158576515,Medium,IF_v2,2026-08-18T21:13:23.477157
EVT00333,Normal,File Access,0,0.02049095106591936,Low,IF_v2,2026-08-18T21:13:23.477157
EVT00334,Normal,Privilege Escalation,5,0.0036675697579025557,Low,IF_v2,2026-08-18T21:13:23.477157
EVT00335,Suspicious,File Access,45,-0.007305060887761172,High,IF_v2,2026-08-18T21:13:23.477157
EVT00336,Suspicious,USB Device Connected,30,-0.017106118080882582,Medium,IF_v2,2026-08-18T21:13:23.477157
EVT00337,Normal,File Access,5,0.0038015526172968106,Low,IF_v2,2026-08-18T21:13:23.477157
EVT00338,Normal,Privilege Escalation,0,0.01580616148359887,Low,IF_v2,2026-08-18T21:13:23.477157
EVT00339,Normal,File Access,25,0.0001356515457851537,Low,IF_v2,2026-08-18T21:13:23.477157
EVT00340,Suspicious,SQL Injection Attempt,45,-0.011807009624243081,High,IF_v2,2026-08-18T21:13:23.477157
EVT00341,Suspicious,File Access,30,-0.014952281628988873,Medium,IF_v2,2026-08-18T21:13:23.477157
EVT00342,Suspicious,Phishing Email,35,-0.02253433601802657,Medium,IF_v2,2026-08-18T21:13:23.477157
EVT00343,Suspicious,Privilege Escalation,30,-0.0046341576737212176,High,IF_v2,2026-08-18T21:13:23.477157
EVT00344,Suspicious,Port Scan,30,-0.01582113178590483,Medium,IF_v2,2026-08-18T21:13:23.477157
EVT00345,Suspicious,USB Device Connected,35,-0.007659509064871006,Medium,IF_v2,2026-08-18T21:13:23.477157
EVT00346,Normal,Privilege Escalation,15,0.00134879439284602,Low,IF_v2,2026-08-18T21:13:23.477157
EVT00347,Suspicious,Brute Force,30,-0.006999337311442422,High,IF_v2,2026-08-18T21:13:23.477157
EVT00348,Normal,Login Success,5,0.0010307174690165066,Low,IF_v2,2026-08-18T21:13:23.477157
EVT00349,Normal,Port Scan,5,0.0006747620902706752,Low,IF_v2,2026-08-18T21:13:23.477157
EVT00350,Suspicious,Phishing Email,35,-0.019537154264492207,Medium,IF_v2,2026-08-18T21:13:23.477157
EVT00351,Normal,Login Success,5,0.005690807705606593,Low,IF_v2,2026-08-18T21:13:23.477157
EVT00352,Suspicious,SQL Injection Attempt,30,-0.002862636464526447,High,IF_v2,2026-08-18T21:13:23.477157
EVT00353,Suspicious,Malware Detection,55,-0.05043980630521716,High,IF_v2,2026-08-18T21:13:23.477157
EVT00354,Normal,Phishing Email,15,0.0026860628939218145,Low,IF_v2,2026-08-18T21:13:23.477157
EVT00355,Normal,SQL Injection Attempt,15,0.008520078148021137,Low,IF_v2,2026-08-18T21:13:23.477157
EVT00356,Normal,USB Device Connected,0,0.006015990784478231,Low,IF_v2,2026-08-18T21:13:23.477157
EVT00357,Suspicious,File Access,35,-3.73764380596775e-05,Medium,IF_v2,2026-08-18T21:13:23.477157
EVT00358,Suspicious,SQL Injection Attempt,30,-0.003551259230102577,High,IF_v2,2026-08-18T21:13:23.477157
EVT00359,Suspicious,Privilege Escalation,30,-0.007236720665083518,High,IF_v2,2026-08-18T21:13:23.477157
EVT00360,Suspicious,Brute Force,50,-0.02710606919246583,High,IF_v2,2026-08-18T21:13:23.477157
EVT00361,Suspicious,Brute Force,55,-0.0071698014691535805,High,IF_v2,2026-08-18T21:13:23.477157
EVT00362,Normal,USB Device Connected,5,0.001443592239173952,Low,IF_v2,2026-08-18T21:13:23.477157
EVT00363,Suspicious,SQL Injection Attempt,35,-0.015375861923617729,High,IF_v2,2026-08-18T21:13:23.477157
EVT00364,Suspicious,Port Scan,30,-0.002280318760443545,Medium,IF_v2,2026-08-18T21:13:23.477157
EVT00365,Suspicious,Brute Force,40,-0.00875421339081095,High,IF_v2,2026-08-18T21:13:23.477157
EVT00366,Suspicious,Login Success,50,-0.014128920492001429,High,IF_v2,2026-08-18T21:13:23.477157
EVT00367,Suspicious,Port Scan,35,-0.00617016563512407,Medium,IF_v2,2026-08-18T21:13:23.477157
EVT00368,Normal,Login Success,25,0.0031763861906597413,Low,IF_v2,2026-08-18T21:13:23.477157
EVT00369,Suspicious,Privilege Escalation,30,-0.002335937424087775,High,IF_v2,2026-08-18T21:13:23.477157
EVT00370,Suspicious,USB Device Connected,55,-0.00758727750445598,High,IF_v2,2026-08-18T21:13:23.477157
EVT00371,Normal,Privilege Escalation,0,0.0036394874822562318,Low,IF_v2,2026-08-18T21:13:23.477157
EVT00372,Suspicious,Login Success,55,-0.01557311678958373,High,IF_v2,2026-08-18T21:13:23.477157
EVT00373,Suspicious,USB Device Connected,55,-0.00941604416653119,High,IF_v2,2026-08-18T21:13:23.477157
EVT00374,Suspicious,USB Device Connected,55,-0.0041443677625163655,High,IF_v2,2026-08-18T21:13:23.477157
EVT00375,Suspicious,Phishing Email,35,-0.015572069549729783,Medium,IF_v2,2026-08-18T21:13:23.477157
EVT00376,Suspicious,Phishing Email,35,-0.006483269062748431,Medium,IF_v2,2026-08-18T21:13:23.477157
EVT00377,Normal,Privilege Escalation,5,0.0029092754305174995,Low,IF_v2,2026-08-18T21:13:23.477157
EVT00378,Suspicious,Malware Detection,80,-0.035089715117633924,Critical,IF_v2,2026-08-18T21:13:23.477157
EVT00379,Suspicious,SQL Injection Attempt,30,-0.010134455630026573,High,IF_v2,2026-08-18T21:13:23.477157
EVT00380,Normal,File Access,5,0.0172706895525912,Low,IF_v2,2026-08-18T21:13:23.477157
EVT00381,Normal,SQL Injection Attempt,0,0.014254062798193468,Low,IF_v2,2026-08-18T21:13:23.477157
EVT00382,Normal,Login Success,10,0.009139037202108291,Low,IF_v2,2026-08-18T21:13:23.477157
EVT00383,Normal,USB Device Connected,5,0.007678852950016246,Low,IF_v2,2026-08-18T21:13:23.477157
EVT00384,Suspicious,Privilege Escalation,45,-0.006446616839730468,High,IF_v2,2026-08-18T21:13:23.477157
EVT00385,Suspicious,Malware Detection,70,-0.0391683844934787,High,IF_v2,2026-08-18T21:13:23.477157
EVT00386,Normal,Failed Login,10,0.0030078372113525598,Low,IF_v2,2026-08-18T21:13:23.477157
EVT00387,Suspicious,Failed Login,40,-0.005949583616175813,High,IF_v2,2026-08-18T21:13:23.477157
EVT00388,Suspicious,Brute Force,55,-0.05045946530456957,High,IF_v2,2026-08-18T21:13:23.477157
EVT00389,Normal,SQL Injection Attempt,5,0.01041182526885448,Low,IF_v2,2026-08-18T21:13:23.477157
EVT00390,Suspicious,Phishing Email,35,-0.027391124509940856,Medium,IF_v2,2026-08-18T21:13:23.477157
EVT00391,Suspicious,Port Scan,35,-0.005361245092853961,Medium,IF_v2,2026-08-18T21:13:23.477157
EVT00392,Normal,Failed Login,15,0.004787462596025083,Low,IF_v2,2026-08-18T21:13:23.477157
EVT00393,Suspicious,Failed Login,75,-0.004218140374360857,High,IF_v2,2026-08-18T21:13:23.477157
EVT00394,Normal,File Access,0,0.005433672478724005,Low,IF_v2,2026-08-18T21:13:23.477157
EVT00395,Suspicious,USB Device Connected,35,-0.005304611672234172,Medium,IF_v2,2026-08-18T21:13:23.477157
EVT00396,Suspicious,Failed Login,55,-0.025382583099471834,High,IF_v2,2026-08-18T21:13:23.477157
EVT00397,Suspicious,Failed Login,40,-0.020141851870525862,High,IF_v2,2026-08-18T21:13:23.477157
EVT00398,Suspicious,Failed Login,30,-0.01390464864911034,High,IF_v2,2026-08-18T21:13:23.477157
EVT00399,Suspicious,Port Scan,35,-0.02472820194057168,Medium,IF_v2,2026-08-18T21:13:23.477157
EVT00400,Suspicious,Login Success,65,-0.02286225260035346,High,IF_v2,2026-08-18T21:13:23.477157
EVT00401,Normal,USB Device Connected,5,0.0004139101602014805,Low,IF_v2,2026-08-18T21:13:23.477157
EVT00402,Suspicious,Login Success,75,-0.00751013775486542,High,IF_v2,2026-08-18T21:13:23.477157
EVT00403,Normal,USB Device Connected,15,0.0048285579244743415,Low,IF_v2,2026-08-18T21:13:23.477157
EVT00404,Normal,Privilege Escalation,5,0.023184178123226484,Low,IF_v2,2026-08-18T21:13:23.477157
EVT00405,Suspicious,Port Scan,35,-0.013919587995329219,Medium,IF_v2,2026-08-18T21:13:23.477157
EVT00406,Normal,SQL Injection Attempt,15,0.00578347133792978,Low,IF_v2,2026-08-18T21:13:23.477157
EVT00407,Suspicious,Login Success,65,-0.0009052378270716366,High,IF_v2,2026-08-18T21:13:23.477157
EVT00408,Normal,Privilege Escalation,0,0.01624287427377913,Low,IF_v2,2026-08-18T21:13:23.477157
EVT00409,Normal,Login Success,0,0.0010277278752418573,Low,IF_v2,2026-08-18T21:13:23.477157
EVT00410,Normal,File Access,0,0.007113753043421267,Low,IF_v2,2026-08-18T21:13:23.477157
EVT00411,Suspicious,Brute Force,55,-0.0234318164618057,High,IF_v2,2026-08-18T21:13:23.477157
EVT00412,Normal,Privilege Escalation,0,0.009466269568326025,Low,IF_v2,2026-08-18T21:13:23.477157
EVT00413,Suspicious,USB Device Connected,35,-0.020961702918680047,Medium,IF_v2,2026-08-18T21:13:23.477157
EVT00414,Suspicious,Login Success,65,-0.00729582456583,High,IF_v2,2026-08-18T21:13:23.477157
EVT00415,Suspicious,File Access,45,-0.0013788611990779298,High,IF_v2,2026-08-18T21:13:23.477157
EVT00416,Suspicious,Port Scan,35,-0.009704704885517446,Medium,IF_v2,2026-08-18T21:13:23.477157
EVT00417,Normal,USB Device Connected,15,0.003948234442138154,Low,IF_v2,2026-08-18T21:13:23.477157
EVT00418,Normal,Privilege Escalation,0,0.003276791847717564,Low,IF_v2,2026-08-18T21:13:23.477157
EVT00419,Suspicious,Port Scan,45,-0.017946884152640674,High,IF_v2,2026-08-18T21:13:23.477157
EVT00420,Suspicious,Port Scan,30,-0.02657923270592022,Medium,IF_v2,2026-08-18T21:13:23.477157
EVT00421,Normal,File Access,5,0.01635148050157803,Low,IF_v2,2026-08-18T21:13:23.477157
EVT00422,Normal,Failed Login,15,0.009001011307427975,Low,IF_v2,2026-08-18T21:13:23.477157
EVT00423,Suspicious,Phishing Email,30,-0.00121857369978573,Medium,IF_v2,2026-08-18T21:13:23.477157
EVT00424,Suspicious,Malware Detection,60,-0.04451521689620408,High,IF_v2,2026-08-18T21:13:23.477157
EVT00425,Normal,SQL Injection Attempt,0,0.008907489944754765,Low,IF_v2,2026-08-18T21:13:23.477157
EVT00426,Normal,Privilege Escalation,0,0.001032626238572254,Low,IF_v2,2026-08-18T21:13:23.477157
EVT00427,Suspicious,Brute Force,45,-0.022388044582967392,High,IF_v2,2026-08-18T21:13:23.477157
EVT00428,Normal,Brute Force,5,0.009571892882696664,Low,IF_v2,2026-08-18T21:13:23.477157
EVT00429,Normal,Privilege Escalation,5,0.00806416872511595,Low,IF_v2,2026-08-18T21:13:23.477157
EVT00430,Suspicious,Brute Force,45,-0.015937268013447414,High,IF_v2,2026-08-18T21:13:23.477157
EVT00431,Suspicious,Port Scan,35,-0.017158275719455385,Medium,IF_v2,2026-08-18T21:13:23.477157
EVT00432,Suspicious,SQL Injection Attempt,35,-0.011748708721435186,High,IF_v2,2026-08-18T21:13:23.477157
EVT00433,Suspicious,Malware Detection,55,-0.0425989777901864,High,IF_v2,2026-08-18T21:13:23.477157
EVT00434,Normal,Failed Login,15,0.0019852849466606703,Low,IF_v2,2026-08-18T21:13:23.477157
EVT00435,Suspicious,USB Device Connected,35,-0.003256031000915982,Medium,IF_v2,2026-08-18T21:13:23.477157
EVT00436,Suspicious,SQL Injection Attempt,35,-0.011157829240079575,High,IF_v2,2026-08-18T21:13:23.477157
EVT00437,Suspicious,Brute Force,55,-0.012890467539580786,High,IF_v2,2026-08-18T21:13:23.477157
EVT00438,Suspicious,Brute Force,55,-0.018791680673108657,High,IF_v2,2026-08-18T21:13:23.477157
EVT00439,Normal,Privilege Escalation,15,0.02641417575837396,Low,IF_v2,2026-08-18T21:13:23.477157
EVT00440,Suspicious,SQL Injection Attempt,30,-0.0029335245282539057,High,IF_v2,2026-08-18T21:13:23.477157
EVT00441,Normal,Failed Login,10,0.01064145079636919,Low,IF_v2,2026-08-18T21:13:23.477157
EVT00442,Normal,File Access,0,0.01817609672685988,Low,IF_v2,2026-08-18T21:13:23.477157
EVT00443,Normal,Login Success,5,0.005868021086646025,Low,IF_v2,2026-08-18T21:13:23.477157
EVT00444,Normal,Failed Login,5,0.005541613551294455,Low,IF_v2,2026-08-18T21:13:23.477157
EVT00445,Suspicious,Failed Login,35,-0.01965814264832555,High,IF_v2,2026-08-18T21:13:23.477157
EVT00446,Suspicious,Login Success,50,-0.0021960088857849724,High,IF_v2,2026-08-18T21:13:23.477157
EVT00447,Suspicious,Privilege Escalation,35,-0.025506951587265903,High,IF_v2,2026-08-18T21:13:23.477157
EVT00448,Suspicious,SQL Injection Attempt,55,-0.027064654139466016,High,IF_v2,2026-08-18T21:13:23.477157
EVT00449,Suspicious,Malware Detection,60,-0.06260779814250406,High,IF_v2,2026-08-18T21:13:23.477157
EVT00450,Suspicious,Phishing Email,45,-0.025942869117277167,High,IF_v2,2026-08-18T21:13:23.477157
EVT00451,Suspicious,USB Device Connected,30,-0.004331769623102222,Medium,IF_v2,2026-08-18T21:13:23.477157
EVT00452,Normal,Privilege Escalation,5,0.020330477392289048,Low,IF_v2,2026-08-18T21:13:23.477157
EVT00453,Suspicious,SQL Injection Attempt,30,-0.0025940205852844622,High,IF_v2,2026-08-18T21:13:23.477157
EVT00454,Suspicious,Login Success,65,-0.021761102195107296,High,IF_v2,2026-08-18T21:13:23.477157
EVT00455,Suspicious,Port Scan,45,-0.007769823321250202,High,IF_v2,2026-08-18T21:13:23.477157
EVT00456,Normal,Login Success,25,0.0022540950767734325,Low,IF_v2,2026-08-18T21:13:23.477157
EVT00457,Suspicious,File Access,30,-0.008739344681516381,Medium,IF_v2,2026-08-18T21:13:23.477157
EVT00458,Suspicious,File Access,30,-0.0008134581303326227,Medium,IF_v2,2026-08-18T21:13:23.477157
EVT00459,Normal,File Access,5,0.012445062330738943,Low,IF_v2,2026-08-18T21:13:23.477157
EVT00460,Suspicious,Phishing Email,30,-0.011571039578808562,Medium,IF_v2,2026-08-18T21:13:23.477157
EVT00461,Suspicious,Malware Detection,55,-0.039863815605073016,High,IF_v2,2026-08-18T21:13:23.477157
EVT00462,Suspicious,Port Scan,55,-0.007365625438605861,High,IF_v2,2026-08-18T21:13:23.477157
EVT00463,Suspicious,Malware Detection,70,-0.050140557673963526,High,IF_v2,2026-08-18T21:13:23.477157
EVT00464,Normal,Privilege Escalation,5,0.013863918016780108,Low,IF_v2,2026-08-18T21:13:23.477157
EVT00465,Normal,File Access,25,0.006263786624386702,Low,IF_v2,2026-08-18T21:13:23.477157
EVT00466,Suspicious,Failed Login,55,-0.023095048663605455,High,IF_v2,2026-08-18T21:13:23.477157
EVT00467,Suspicious,Brute Force,55,-0.03892562408109179,High,IF_v2,2026-08-18T21:13:23.477157
EVT00468,Suspicious,USB Device Connected,35,-0.012247632483313176,Medium,IF_v2,2026-08-18T21:13:23.477157
EVT00469,Suspicious,File Access,30,-0.006675847934294876,Medium,IF_v2,2026-08-18T21:13:23.477157
EVT00470,Normal,File Access,15,0.0009059944964673883,Low,IF_v2,2026-08-18T21:13:23.477157
EVT00471,Normal,Login Success,0,0.006277233372665503,Low,IF_v2,2026-08-18T21:13:23.477157
EVT00472,Normal,Privilege Escalation,5,0.019972363731887266,Low,IF_v2,2026-08-18T21:13:23.477157
EVT00473,Normal,Failed Login,0,0.00281735985916437,Low,IF_v2,2026-08-18T21:13:23.477157
EVT00474,Suspicious,Phishing Email,35,-0.02030369563539014,Medium,IF_v2,2026-08-18T21:13:23.477157
EVT00475,Suspicious,Malware Detection,55,-0.032645727070430786,High,IF_v2,2026-08-18T21:13:23.477157
EVT00476,Suspicious,Login Success,50,-0.018949872909500787,High,IF_v2,2026-08-18T21:13:23.477157
EVT00477,Normal,Privilege Escalation,0,0.01791617974978227,Low,IF_v2,2026-08-18T21:13:23.477157
EVT00478,Suspicious,Port Scan,30,-0.01928013246564464,Medium,IF_v2,2026-08-18T21:13:23.477157
EVT00479,Suspicious,Failed Login,55,-0.028504393821488727,High,IF_v2,2026-08-18T21:13:23.477157
EVT00480,Suspicious,SQL Injection Attempt,35,-0.010695083478208023,High,IF_v2,2026-08-18T21:13:23.477157
EVT00481,Normal,SQL Injection Attempt,0,0.0005004283596071191,Low,IF_v2,2026-08-18T21:13:23.477157
EVT00482,Suspicious,Brute Force,40,-0.023206654422274875,High,IF_v2,2026-08-18T21:13:23.477157
EVT00483,Suspicious,Brute Force,45,-0.01614694837132813,High,IF_v2,2026-08-18T21:13:23.477157
EVT00484,Normal,Login Success,0,0.007690298375315707,Low,IF_v2,2026-08-18T21:13:23.477157
EVT00485,Suspicious,Malware Detection,60,-0.030747525026896705,High,IF_v2,2026-08-18T21:13:23.477157
EVT00486,Normal,SQL Injection Attempt,5,0.0019936488978221645,Low,IF_v2,2026-08-18T21:13:23.477157
EVT00487,Normal,Failed Login,10,0.00486295827753408,Low,IF_v2,2026-08-18T21:13:23.477157
EVT00488,Suspicious,Login Success,75,-0.022826998718198266,High,IF_v2,2026-08-18T21:13:23.477157
EVT00489,Suspicious,Port Scan,45,-0.016827147694311928,High,IF_v2,2026-08-18T21:13:23.477157
EVT00490,Suspicious,Login Success,30,-0.016928857110323103,Medium,IF_v2,2026-08-18T21:13:23.477157
EVT00491,Suspicious,Brute Force,50,-0.06381413817443271,High,IF_v2,2026-08-18T21:13:23.477157
EVT00492,Suspicious,Failed Login,45,-0.00791841997557241,High,IF_v2,2026-08-18T21:13:23.477157
EVT00493,Suspicious,Port Scan,30,-0.02434363293200037,Medium,IF_v2,2026-08-18T21:13:23.477157
EVT00494,Suspicious,Login Success,65,-0.0226482505081258,High,IF_v2,2026-08-18T21:13:23.477157
EVT00495,Normal,File Access,15,0.01844666672041162,Low,IF_v2,2026-08-18T21:13:23.477157
EVT00496,Suspicious,Privilege Escalation,55,-0.0007488305329851341,High,IF_v2,2026-08-18T21:13:23.477157
EVT00497,Normal,Privilege Escalation,5,0.015495872106658148,Low,IF_v2,2026-08-18T21:13:23.477157
EVT00498,Suspicious,Malware Detection,60,-0.03517166946285866,High,IF_v2,2026-08-18T21:13:23.477157
EVT00499,Suspicious,SQL Injection Attempt,30,-0.018339877456352238,High,IF_v2,2026-08-18T21:13:23.477157
EVT00500,Normal,USB Device Connected,0,0.006944315293380576,Low,IF_v2,2026-08-18T21:13:23.477157
EVT00501,Suspicious,Login Success,65,-0.019840896901784477,High,IF_v2,2026-08-18T21:13:23.477157
EVT00502,Suspicious,File Access,30,-0.003310832196999569,Medium,IF_v2,2026-08-18T21:13:23.477157
EVT00503,Suspicious,Failed Login,55,-0.01707251275213406,High,IF_v2,2026-08-18T21:13:23.477157
EVT00504,Normal,USB Device Connected,0,0.007090393627781799,Low,IF_v2,2026-08-18T21:13:23.477157
EVT00505,Suspicious,Brute Force,40,-0.037940536452851004,High,IF_v2,2026-08-18T21:13:23.477157
EVT00506,Suspicious,USB Device Connected,35,-0.012701550940924289,Medium,IF_v2,2026-08-18T21:13:23.477157
EVT00507,Suspicious,SQL Injection Attempt,45,-0.015422681183713483,High,IF_v2,2026-08-18T21:13:23.477157
EVT00508,Suspicious,Port Scan,45,-0.005832083786516562,High,IF_v2,2026-08-18T21:13:23.477157
EVT00509,Suspicious,Phishing Email,45,-0.01714787769775261,High,IF_v2,2026-08-18T21:13:23.477157
EVT00510,Normal,SQL Injection Attempt,5,0.019595409123501828,Low,IF_v2,2026-08-18T21:13:23.477157
EVT00511,Normal,Login Success,15,0.0007425921948074898,Low,IF_v2,2026-08-18T21:13:23.477157
EVT00512,Suspicious,Malware Detection,55,-0.024671757542535255,High,IF_v2,2026-08-18T21:13:23.477157
EVT00513,Suspicious,Phishing Email,55,-0.01759218221117209,High,IF_v2,2026-08-18T21:13:23.477157
EVT00514,Suspicious,Privilege Escalation,30,-0.01049675550182716,High,IF_v2,2026-08-18T21:13:23.477157
EVT00515,Suspicious,Malware Detection,60,-0.042535901516258745,High,IF_v2,2026-08-18T21:13:23.477157
EVT00516,Suspicious,SQL Injection Attempt,45,-0.011500040341155593,High,IF_v2,2026-08-18T21:13:23.477157
EVT00517,Suspicious,Brute Force,40,-0.018329759410733115,High,IF_v2,2026-08-18T21:13:23.477157
EVT00518,Normal,File Access,0,0.0037056600882346413,Low,IF_v2,2026-08-18T21:13:23.477157
EVT00519,Suspicious,Phishing Email,35,-0.012846835146391733,Medium,IF_v2,2026-08-18T21:13:23.477157
EVT00520,Suspicious,Brute Force,55,-0.008967116213522308,High,IF_v2,2026-08-18T21:13:23.477157
EVT00521,Normal,File Access,0,0.002765664213153163,Low,IF_v2,2026-08-18T21:13:23.477157
EVT00522,Suspicious,Login Success,55,-0.015009033846736797,High,IF_v2,2026-08-18T21:13:23.477157
EVT00523,Suspicious,Failed Login,50,-0.015387114009080993,High,IF_v2,2026-08-18T21:13:23.477157
EVT00524,Suspicious,Malware Detection,60,-0.028517867885889947,High,IF_v2,2026-08-18T21:13:23.477157
EVT00525,Suspicious,Failed Login,55,-0.015022798602536414,High,IF_v2,2026-08-18T21:13:23.477157
EVT00526,Suspicious,Brute Force,55,-0.05926230546807876,High,IF_v2,2026-08-18T21:13:23.477157
EVT00527,Normal,File Access,0,0.008582840106352685,Low,IF_v2,2026-08-18T21:13:23.477157
EVT00528,Suspicious,Malware Detection,70,-0.029474325529153855,High,IF_v2,2026-08-18T21:13:23.477157
EVT00529,Suspicious,Failed Login,40,-0.009832428560915818,High,IF_v2,2026-08-18T21:13:23.477157
EVT00530,Suspicious,Brute Force,30,-0.03059774120920533,High,IF_v2,2026-08-18T21:13:23.477157
EVT00531,Suspicious,Privilege Escalation,35,-0.004717021424366807,High,IF_v2,2026-08-18T21:13:23.477157
EVT00532,Normal,File Access,5,0.014973360616436782,Low,IF_v2,2026-08-18T21:13:23.477157
EVT00533,Normal,Port Scan,15,0.007022392853309467,Low,IF_v2,2026-08-18T21:13:23.477157
EVT00534,Suspicious,Malware Detection,55,-0.028760100269379474,High,IF_v2,2026-08-18T21:13:23.477157
EVT00535,Suspicious,Malware Detection,70,-0.03848282907791911,High,IF_v2,2026-08-18T21:13:23.477157
EVT00536,Normal,SQL Injection Attempt,15,0.008054181453109266,Low,IF_v2,2026-08-18T21:13:23.477157
EVT00537,Suspicious,Malware Detection,70,-0.038974914416018525,High,IF_v2,2026-08-18T21:13:23.477157
EVT00538,Suspicious,File Access,45,-0.0007959507860224591,High,IF_v2,2026-08-18T21:13:23.477157
EVT00539,Suspicious,Malware Detection,70,-0.02862329221207338,High,IF_v2,2026-08-18T21:13:23.477157
EVT00540,Suspicious,Login Success,50,-0.00725034972616434,High,IF_v2,2026-08-18T21:13:23.477157
EVT00541,Suspicious,Malware Detection,60,-0.0366132530977239,High,IF_v2,2026-08-18T21:13:23.477157
EVT00542,Suspicious,Malware Detection,55,-0.029995821382992616,High,IF_v2,2026-08-18T21:13:23.477157
EVT00543,Normal,SQL Injection Attempt,0,0.0020534109926191313,Low,IF_v2,2026-08-18T21:13:23.477157
EVT00544,Suspicious,Login Success,65,-0.026235501887734602,High,IF_v2,2026-08-18T21:13:23.477157
EVT00545,Normal,File Access,5,0.011268291029698119,Low,IF_v2,2026-08-18T21:13:23.477157
EVT00546,Normal,File Access,0,0.010877930950072001,Low,IF_v2,2026-08-18T21:13:23.477157
EVT00547,Suspicious,Brute Force,55,-0.008798612334356415,High,IF_v2,2026-08-18T21:13:23.477157
EVT00548,Suspicious,Port Scan,55,-0.000555728829822355,High,IF_v2,2026-08-18T21:13:23.477157
EVT00549,Suspicious,USB Device Connected,35,-0.002957307504823925,Medium,IF_v2,2026-08-18T21:13:23.477157
EVT00550,Suspicious,Malware Detection,55,-0.034376941913260795,High,IF_v2,2026-08-18T21:13:23.477157
EVT00551,Suspicious,Phishing Email,35,-0.016570022579907806,Medium,IF_v2,2026-08-18T21:13:23.477157
EVT00552,Suspicious,Failed Login,40,-0.010397951405271666,High,IF_v2,2026-08-18T21:13:23.477157
EVT00553,Suspicious,SQL Injection Attempt,55,-0.017374268929229886,High,IF_v2,2026-08-18T21:13:23.477157
EVT00554,Normal,Privilege Escalation,5,0.02170899729201098,Low,IF_v2,2026-08-18T21:13:23.477157
EVT00555,Normal,Privilege Escalation,0,0.013765333503325983,Low,IF_v2,2026-08-18T21:13:23.477157
EVT00556,Normal,SQL Injection Attempt,0,0.0055920058735196565,Low,IF_v2,2026-08-18T21:13:23.477157
EVT00557,Suspicious,Port Scan,45,-0.014668246645916705,High,IF_v2,2026-08-18T21:13:23.477157
EVT00558,Suspicious,Login Success,30,-0.003702719849089986,Medium,IF_v2,2026-08-18T21:13:23.477157
EVT00559,Suspicious,Port Scan,45,-0.022204424584334803,High,IF_v2,2026-08-18T21:13:23.477157
EVT00560,Suspicious,SQL Injection Attempt,35,-0.014708832830996,High,IF_v2,2026-08-18T21:13:23.477157
EVT00561,Suspicious,SQL Injection Attempt,30,-0.0020431115005409284,High,IF_v2,2026-08-18T21:13:23.477157
EVT00562,Suspicious,Brute Force,50,-0.04734878783086072,High,IF_v2,2026-08-18T21:13:23.477157
EVT00563,Suspicious,Failed Login,50,-0.019332489116528295,High,IF_v2,2026-08-18T21:13:23.477157
EVT00564,Suspicious,Port Scan,35,-0.005877229393756345,Medium,IF_v2,2026-08-18T21:13:23.477157
EVT00565,Suspicious,Port Scan,30,-0.013927689823266531,Medium,IF_v2,2026-08-18T21:13:23.477157
EVT00566,Suspicious,Phishing Email,55,-0.009539729285102605,High,IF_v2,2026-08-18T21:13:23.477157
EVT00567,Normal,USB Device Connected,5,0.005681396303400921,Low,IF_v2,2026-08-18T21:13:23.477157
EVT00568,Suspicious,Malware Detection,70,-0.04434200653876397,High,IF_v2,2026-08-18T21:13:23.477157
EVT00569,Suspicious,Port Scan,30,-0.012973488713643788,Medium,IF_v2,2026-08-18T21:13:23.477157
EVT00570,Suspicious,Phishing Email,55,-0.016079148575542157,High,IF_v2,2026-08-18T21:13:23.477157
EVT00571,Normal,SQL Injection Attempt,5,0.0009883206648962917,Low,IF_v2,2026-08-18T21:13:23.477157
EVT00572,Suspicious,Malware Detection,80,-0.047647763658278275,Critical,IF_v2,2026-08-18T21:13:23.477157
EVT00573,Suspicious,Brute Force,50,-0.04251079444270012,High,IF_v2,2026-08-18T21:13:23.477157
EVT00574,Normal,USB Device Connected,0,0.009245732699500686,Low,IF_v2,2026-08-18T21:13:23.477157
EVT00575,Suspicious,Privilege Escalation,35,-0.007532727608712486,High,IF_v2,2026-08-18T21:13:23.477157
EVT00576,Suspicious,Failed Login,50,-0.00896724377630953,High,IF_v2,2026-08-18T21:13:23.477157
EVT00577,Suspicious,Malware Detection,55,-0.032688214112386205,High,IF_v2,2026-08-18T21:13:23.477157
EVT00578,Suspicious,Failed Login,55,-0.012906062500857018,High,IF_v2,2026-08-18T21:13:23.477157
EVT00579,Suspicious,Privilege Escalation,45,-0.0003595739987906077,High,IF_v2,2026-08-18T21:13:23.477157
EVT00580,Suspicious,Malware Detection,70,-0.03136698771915736,High,IF_v2,2026-08-18T21:13:23.477157
EVT00581,Suspicious,Port Scan,30,-0.010683851318768034,Medium,IF_v2,2026-08-18T21:13:23.477157
EVT00582,Suspicious,Failed Login,55,-0.006320223578688888,High,IF_v2,2026-08-18T21:13:23.477157
EVT00583,Suspicious,File Access,30,-0.012035436565449809,Medium,IF_v2,2026-08-18T21:13:23.477157
EVT00584,Normal,Failed Login,25,0.002233970737427371,Low,IF_v2,2026-08-18T21:13:23.477157
EVT00585,Suspicious,Phishing Email,30,-0.0183574887459923,Medium,IF_v2,2026-08-18T21:13:23.477157
EVT00586,Suspicious,Malware Detection,60,-0.025727479535962328,High,IF_v2,2026-08-18T21:13:23.477157
EVT00587,Normal,Privilege Escalation,0,0.019096928916504663,Low,IF_v2,2026-08-18T21:13:23.477157
EVT00588,Suspicious,File Access,35,-0.008494530506500175,Medium,IF_v2,2026-08-18T21:13:23.477157
EVT00589,Suspicious,Phishing Email,30,-0.021696027656569195,Medium,IF_v2,2026-08-18T21:13:23.477157
EVT00590,Suspicious,Login Success,40,-0.011066044885330695,Medium,IF_v2,2026-08-18T21:13:23.477157
EVT00591,Normal,SQL Injection Attempt,5,0.0023071864212205195,Low,IF_v2,2026-08-18T21:13:23.477157
EVT00592,Normal,Port Scan,0,0.0037759669776512572,Low,IF_v2,2026-08-18T21:13:23.477157
EVT00593,Suspicious,Malware Detection,80,-0.042009015880135725,Critical,IF_v2,2026-08-18T21:13:23.477157
EVT00594,Suspicious,Malware Detection,60,-0.04578697934590592,High,IF_v2,2026-08-18T21:13:23.477157
EVT00595,Suspicious,Brute Force,55,-0.032683069568094636,High,IF_v2,2026-08-18T21:13:23.477157
EVT00596,Suspicious,Brute Force,30,-0.038694972439778375,High,IF_v2,2026-08-18T21:13:23.477157
EVT00597,Normal,Login Success,0,0.011097892190081837,Low,IF_v2,2026-08-18T21:13:23.477157
EVT00598,Suspicious,Privilege Escalation,35,-0.000996304493531719,High,IF_v2,2026-08-18T21:13:23.477157
EVT00599,Suspicious,Brute Force,35,-0.03287796889372441,High,IF_v2,2026-08-18T21:13:23.477157
EVT00600,Normal,SQL Injection Attempt,5,0.013624725402566262,Low,IF_v2,2026-08-18T21:13:23.477157
EVT00601,Suspicious,Privilege Escalation,55,-0.015210316158753567,High,IF_v2,2026-08-18T21:13:23.477157
EVT00602,Normal,Login Success,15,0.003016721087760521,Low,IF_v2,2026-08-18T21:13:23.477157
EVT00603,Suspicious,SQL Injection Attempt,45,-0.020960770023282893,High,IF_v2,2026-08-18T21:13:23.477157
EVT00604,Suspicious,Failed Login,50,-0.006663056267605105,High,IF_v2,2026-08-18T21:13:23.477157
EVT00605,Normal,File Access,15,0.0027119970437220475,Low,IF_v2,2026-08-18T21:13:23.477157
EVT00606,Suspicious,Brute Force,40,-0.045182535587549144,High,IF_v2,2026-08-18T21:13:23.477157
EVT00607,Suspicious,Brute Force,45,-0.01977828319805408,High,IF_v2,2026-08-18T21:13:23.477157
EVT00608,Suspicious,Brute Force,50,-0.04640612570224811,High,IF_v2,2026-08-18T21:13:23.477157
EVT00609,Suspicious,Login Success,65,-0.012333686158327861,High,IF_v2,2026-08-18T21:13:23.477157
EVT00610,Normal,Privilege Escalation,0,0.007447223285514615,Low,IF_v2,2026-08-18T21:13:23.477157
EVT00611,Suspicious,Malware Detection,60,-0.040991854581517106,High,IF_v2,2026-08-18T21:13:23.477157
EVT00612,Suspicious,Brute Force,45,-0.009390197630699038,High,IF_v2,2026-08-18T21:13:23.477157
EVT00613,Normal,SQL Injection Attempt,0,0.01204844896307733,Low,IF_v2,2026-08-18T21:13:23.477157
EVT00614,Normal,Failed Login,25,0.003831393978084241,Low,IF_v2,2026-08-18T21:13:23.477157
EVT00615,Suspicious,SQL Injection Attempt,30,-0.015251391351632004,High,IF_v2,2026-08-18T21:13:23.477157
EVT00616,Normal,USB Device Connected,5,0.008614149914769609,Low,IF_v2,2026-08-18T21:13:23.477157
EVT00617,Normal,File Access,15,0.016547734404639525,Low,IF_v2,2026-08-18T21:13:23.477157
EVT00618,Normal,Login Success,0,0.00502703605687127,Low,IF_v2,2026-08-18T21:13:23.477157
EVT00619,Suspicious,Malware Detection,55,-0.03553388181077277,High,IF_v2,2026-08-18T21:13:23.477157
EVT00620,Suspicious,SQL Injection Attempt,45,-0.0036263810596089963,High,IF_v2,2026-08-18T21:13:23.477157
EVT00621,Suspicious,Failed Login,55,-0.02971684922922102,High,IF_v2,2026-08-18T21:13:23.477157
EVT00622,Suspicious,USB Device Connected,35,-0.004610766053249504,Medium,IF_v2,2026-08-18T21:13:23.477157
EVT00623,Suspicious,SQL Injection Attempt,30,-0.00024068348723071953,High,IF_v2,2026-08-18T21:13:23.477157
EVT00624,Suspicious,Login Success,30,-0.007241385800353828,Medium,IF_v2,2026-08-18T21:13:23.477157
EVT00625,Normal,Brute Force,15,0.006478373561162876,Low,IF_v2,2026-08-18T21:13:23.477157
EVT00626,Normal,Login Success,5,0.008223283173523555,Low,IF_v2,2026-08-18T21:13:23.477157
EVT00627,Suspicious,Phishing Email,30,-0.005520434307504818,Medium,IF_v2,2026-08-18T21:13:23.477157
EVT00628,Suspicious,Privilege Escalation,30,-0.014319618262713996,High,IF_v2,2026-08-18T21:13:23.477157
EVT00629,Suspicious,Port Scan,45,-0.004104882985013325,High,IF_v2,2026-08-18T21:13:23.477157
EVT00630,Suspicious,Phishing Email,35,-0.008186452807837807,Medium,IF_v2,2026-08-18T21:13:23.477157
EVT00631,Suspicious,Login Success,55,-0.01184333377077973,High,IF_v2,2026-08-18T21:13:23.477157
EVT00632,Normal,File Access,15,0.01554801502065778,Low,IF_v2,2026-08-18T21:13:23.477157
EVT00633,Suspicious,Port Scan,45,-0.00828706844882443,High,IF_v2,2026-08-18T21:13:23.477157
EVT00634,Normal,File Access,0,0.014691724074831991,Low,IF_v2,2026-08-18T21:13:23.477157
EVT00635,Suspicious,Login Success,65,-0.021928827599923983,High,IF_v2,2026-08-18T21:13:23.477157
EVT00636,Normal,SQL Injection Attempt,5,0.007071678720050267,Low,IF_v2,2026-08-18T21:13:23.477157
EVT00637,Suspicious,Login Success,65,-0.023728683770996573,High,IF_v2,2026-08-18T21:13:23.477157
EVT00638,Suspicious,Phishing Email,45,-0.011000160245056567,High,IF_v2,2026-08-18T21:13:23.477157
EVT00639,Suspicious,Failed Login,30,-0.0036142981394743368,High,IF_v2,2026-08-18T21:13:23.477157
EVT00640,Suspicious,Phishing Email,35,-0.016995743148221942,Medium,IF_v2,2026-08-18T21:13:23.477157
EVT00641,Suspicious,USB Device Connected,55,-0.01637473328102046,High,IF_v2,2026-08-18T21:13:23.477157
EVT00642,Suspicious,Malware Detection,60,-0.033339453628946636,High,IF_v2,2026-08-18T21:13:23.477157
EVT00643,Suspicious,Malware Detection,55,-0.03009139324162613,High,IF_v2,2026-08-18T21:13:23.477157
EVT00644,Suspicious,Phishing Email,30,-0.024986068118144855,Medium,IF_v2,2026-08-18T21:13:23.477157
EVT00645,Suspicious,USB Device Connected,30,-0.0007113486471569397,Medium,IF_v2,2026-08-18T21:13:23.477157
EVT00646,Suspicious,Brute Force,55,-0.03428612205828141,High,IF_v2,2026-08-18T21:13:23.477157
EVT00647,Suspicious,SQL Injection Attempt,45,-0.01844772298000752,High,IF_v2,2026-08-18T21:13:23.477157
EVT00648,Suspicious,Login Success,45,-0.008740267615038544,Medium,IF_v2,2026-08-18T21:13:23.477157
EVT00649,Suspicious,USB Device Connected,55,-0.0029447618073285,High,IF_v2,2026-08-18T21:13:23.477157
EVT00650,Suspicious,Phishing Email,55,-0.015249637837761565,High,IF_v2,2026-08-18T21:13:23.477157
EVT00651,Suspicious,Port Scan,35,-0.011020809338497473,Medium,IF_v2,2026-08-18T21:13:23.477157
EVT00652,Suspicious,Failed Login,45,-0.0007164139520714485,High,IF_v2,2026-08-18T21:13:23.477157
EVT00653,Suspicious,Phishing Email,30,-0.0061053403153996655,Medium,IF_v2,2026-08-18T21:13:23.477157
EVT00654,Suspicious,USB Device Connected,35,-0.007368693653237557,Medium,IF_v2,2026-08-18T21:13:23.477157
EVT00655,Suspicious,SQL Injection Attempt,35,-0.006096677304139431,High,IF_v2,2026-08-18T21:13:23.477157
EVT00656,Normal,Port Scan,0,0.01647891164452414,Low,IF_v2,2026-08-18T21:13:23.477157
EVT00657,Suspicious,USB Device Connected,30,-0.009837996305757213,Medium,IF_v2,2026-08-18T21:13:23.477157
EVT00658,Suspicious,Login Success,75,-0.0030366462112587644,High,IF_v2,2026-08-18T21:13:23.477157
EVT00659,Suspicious,Login Success,55,-0.0021901264860237912,High,IF_v2,2026-08-18T21:13:23.477157
EVT00660,Normal,Login Success,0,0.010609564832863017,Low,IF_v2,2026-08-18T21:13:23.477157
EVT00661,Suspicious,File Access,30,-0.020437480333990177,Medium,IF_v2,2026-08-18T21:13:23.477157
EVT00662,Suspicious,USB Device Connected,30,-0.01606782486759517,Medium,IF_v2,2026-08-18T21:13:23.477157
EVT00663,Suspicious,Port Scan,30,-0.002743790415055236,Medium,IF_v2,2026-08-18T21:13:23.477157
EVT00664,Normal,File Access,5,0.004679268719626761,Low,IF_v2,2026-08-18T21:13:23.477157
EVT00665,Suspicious,Port Scan,55,-0.011272858446317424,High,IF_v2,2026-08-18T21:13:23.477157
EVT00666,Suspicious,Port Scan,30,-0.011005514968634111,Medium,IF_v2,2026-08-18T21:13:23.477157
EVT00667,Suspicious,Brute Force,30,-0.00681756401243061,High,IF_v2,2026-08-18T21:13:23.477157
EVT00668,Normal,File Access,5,0.007104798804987211,Low,IF_v2,2026-08-18T21:13:23.477157
EVT00669,Suspicious,Port Scan,55,-0.019998079392342882,High,IF_v2,2026-08-18T21:13:23.477157
EVT00670,Suspicious,Privilege Escalation,30,-0.006619492337223587,High,IF_v2,2026-08-18T21:13:23.477157
EVT00671,Normal,Privilege Escalation,25,0.026512900860735322,Low,IF_v2,2026-08-18T21:13:23.477157
EVT00672,Suspicious,Phishing Email,30,-0.018815605188796658,Medium,IF_v2,2026-08-18T21:13:23.477157
EVT00673,Suspicious,Port Scan,35,-0.008499835115462817,Medium,IF_v2,2026-08-18T21:13:23.477157
EVT00674,Suspicious,Brute Force,50,-0.03407053185460529,High,IF_v2,2026-08-18T21:13:23.477157
EVT00675,Normal,SQL Injection Attempt,15,0.000939506968443693,Low,IF_v2,2026-08-18T21:13:23.477157
EVT00676,Suspicious,USB Device Connected,30,-0.01825493626639585,Medium,IF_v2,2026-08-18T21:13:23.477157
EVT00677,Suspicious,Login Success,50,-0.014405161376830455,High,IF_v2,2026-08-18T21:13:23.477157
EVT00678,Suspicious,Failed Login,30,-0.013844659100410106,High,IF_v2,2026-08-18T21:13:23.477157
EVT00679,Suspicious,Login Success,50,-0.008878615655320332,High,IF_v2,2026-08-18T21:13:23.477157
EVT00680,Suspicious,USB Device Connected,45,-0.0017885298988463694,High,IF_v2,2026-08-18T21:13:23.477157
EVT00681,Suspicious,SQL Injection Attempt,30,-0.006951960708396321,High,IF_v2,2026-08-18T21:13:23.477157
EVT00682,Suspicious,SQL Injection Attempt,30,-0.015651474182991065,High,IF_v2,2026-08-18T21:13:23.477157
EVT00683,Normal,USB Device Connected,15,0.0031606012276337303,Low,IF_v2,2026-08-18T21:13:23.477157
EVT00684,Suspicious,SQL Injection Attempt,45,-0.02610134028481459,High,IF_v2,2026-08-18T21:13:23.477157
EVT00685,Suspicious,Privilege Escalation,30,-0.012936748768814121,High,IF_v2,2026-08-18T21:13:23.477157
EVT00686,Normal,Failed Login,5,0.00749875855397919,Low,IF_v2,2026-08-18T21:13:23.477157
EVT00687,Normal,Port Scan,5,0.016117150900401667,Low,IF_v2,2026-08-18T21:13:23.477157
EVT00688,Suspicious,Failed Login,65,-0.02463814952727572,High,IF_v2,2026-08-18T21:13:23.477157
EVT00689,Suspicious,Brute Force,50,-0.025211967607946084,High,IF_v2,2026-08-18T21:13:23.477157
EVT00690,Suspicious,Port Scan,30,-0.01889823556998038,Medium,IF_v2,2026-08-18T21:13:23.477157
EVT00691,Normal,SQL Injection Attempt,5,0.002248232359315372,Low,IF_v2,2026-08-18T21:13:23.477157
EVT00692,Suspicious,Login Success,40,-0.009762785173507371,Medium,IF_v2,2026-08-18T21:13:23.477157
EVT00693,Suspicious,Brute Force,40,-0.007822220196236684,High,IF_v2,2026-08-18T21:13:23.477157
EVT00694,Suspicious,Port Scan,55,-0.019602671070011346,High,IF_v2,2026-08-18T21:13:23.477157
EVT00695,Normal,File Access,5,0.014321718202307099,Low,IF_v2,2026-08-18T21:13:23.477157
EVT00696,Suspicious,Login Success,50,-0.01886366902673997,High,IF_v2,2026-08-18T21:13:23.477157
EVT00697,Normal,Login Success,5,0.007917529661760403,Low,IF_v2,2026-08-18T21:13:23.477157
EVT00698,Suspicious,Port Scan,30,-0.01882276297171004,Medium,IF_v2,2026-08-18T21:13:23.477157
EVT00699,Suspicious,Malware Detection,70,-0.03145493616250661,High,IF_v2,2026-08-18T21:13:23.477157
EVT00700,Normal,File Access,0,0.016662723878604846,Low,IF_v2,2026-08-18T21:13:23.477157
EVT00701,Suspicious,SQL Injection Attempt,30,-0.01992686475237415,High,IF_v2,2026-08-18T21:13:23.477157
EVT00702,Suspicious,Failed Login,30,-0.005577960739844734,High,IF_v2,2026-08-18T21:13:23.477157
EVT00703,Suspicious,Brute Force,50,-0.01984199847643653,High,IF_v2,2026-08-18T21:13:23.477157
EVT00704,Normal,Login Success,25,0.0015770839587312402,Low,IF_v2,2026-08-18T21:13:23.477157
EVT00705,Suspicious,Port Scan,45,-0.009097684564180475,High,IF_v2,2026-08-18T21:13:23.477157
EVT00706,Normal,Failed Login,25,0.005512768363260256,Low,IF_v2,2026-08-18T21:13:23.477157
EVT00707,Suspicious,Privilege Escalation,35,-0.008650535614095678,High,IF_v2,2026-08-18T21:13:23.477157
EVT00708,Suspicious,Login Success,45,-0.004564096798014949,Medium,IF_v2,2026-08-18T21:13:23.477157
EVT00709,Suspicious,Brute Force,75,-0.026650572231533887,High,IF_v2,2026-08-18T21:13:23.477157
EVT00710,Normal,File Access,5,0.006804938597369803,Low,IF_v2,2026-08-18T21:13:23.477157
EVT00711,Suspicious,Brute Force,50,-0.03842180763089087,High,IF_v2,2026-08-18T21:13:23.477157
EVT00712,Suspicious,USB Device Connected,30,-0.008762979799746162,Medium,IF_v2,2026-08-18T21:13:23.477157
EVT00713,Suspicious,SQL Injection Attempt,35,-0.015752736568766523,High,IF_v2,2026-08-18T21:13:23.477157
EVT00714,Suspicious,Brute Force,55,-0.019892867103802225,High,IF_v2,2026-08-18T21:13:23.477157
EVT00715,Normal,USB Device Connected,0,0.004162222376980995,Low,IF_v2,2026-08-18T21:13:23.477157
EVT00716,Suspicious,File Access,30,-0.00022798113715327695,Medium,IF_v2,2026-08-18T21:13:23.477157
EVT00717,Normal,File Access,0,0.008928987110170594,Low,IF_v2,2026-08-18T21:13:23.477157
EVT00718,Suspicious,USB Device Connected,45,-0.0064344802344117324,High,IF_v2,2026-08-18T21:13:23.477157
EVT00719,Suspicious,Failed Login,35,-0.004110704364408635,High,IF_v2,2026-08-18T21:13:23.477157
EVT00720,Suspicious,Brute Force,30,-0.0115981525319786,High,IF_v2,2026-08-18T21:13:23.477157
EVT00721,Suspicious,Malware Detection,60,-0.05243428924342086,High,IF_v2,2026-08-18T21:13:23.477157
EVT00722,Suspicious,Login Success,40,-0.007511622033733012,Medium,IF_v2,2026-08-18T21:13:23.477157
EVT00723,Suspicious,Failed Login,50,-0.020257207998171878,High,IF_v2,2026-08-18T21:13:23.477157
EVT00724,Normal,Login Success,15,0.0013595949280166275,Low,IF_v2,2026-08-18T21:13:23.477157
EVT00725,Suspicious,Port Scan,35,-0.007698011744820432,Medium,IF_v2,2026-08-18T21:13:23.477157
EVT00726,Suspicious,Port Scan,45,-0.0070605642701282445,High,IF_v2,2026-08-18T21:13:23.477157
EVT00727,Suspicious,Brute Force,40,-0.03835083544465334,High,IF_v2,2026-08-18T21:13:23.477157
EVT00728,Suspicious,Failed Login,65,-0.030612423408393652,High,IF_v2,2026-08-18T21:13:23.477157
EVT00729,Suspicious,Privilege Escalation,30,-0.007142194501845389,High,IF_v2,2026-08-18T21:13:23.477157
EVT00730,Suspicious,USB Device Connected,30,-0.0007499563175675794,Medium,IF_v2,2026-08-18T21:13:23.477157
EVT00731,Suspicious,Malware Detection,55,-0.046859910855228115,High,IF_v2,2026-08-18T21:13:23.477157
EVT00732,Suspicious,File Access,30,-0.008905017375483548,Medium,IF_v2,2026-08-18T21:13:23.477157
EVT00733,Suspicious,Login Success,55,-0.015394199915848006,High,IF_v2,2026-08-18T21:13:23.477157
EVT00734,Normal,SQL Injection Attempt,0,0.0017011131508331556,Low,IF_v2,2026-08-18T21:13:23.477157
EVT00735,Suspicious,Login Success,40,-0.010591809506254823,Medium,IF_v2,2026-08-18T21:13:23.477157
EVT00736,Suspicious,Failed Login,50,-0.012284860829896327,High,IF_v2,2026-08-18T21:13:23.477157
EVT00737,Suspicious,Brute Force,75,-0.05897367221118721,High,IF_v2,2026-08-18T21:13:23.477157
EVT00738,Suspicious,Port Scan,45,-0.0179813862588456,High,IF_v2,2026-08-18T21:13:23.477157
EVT00739,Normal,Failed Login,15,0.006051081238153566,Low,IF_v2,2026-08-18T21:13:23.477157
EVT00740,Suspicious,Malware Detection,80,-0.051264875291917145,Critical,IF_v2,2026-08-18T21:13:23.477157
EVT00741,Normal,File Access,5,0.01666570879479007,Low,IF_v2,2026-08-18T21:13:23.477157
EVT00742,Normal,File Access,5,0.008817478538999113,Low,IF_v2,2026-08-18T21:13:23.477157
EVT00743,Suspicious,Port Scan,45,-0.012712017147560872,High,IF_v2,2026-08-18T21:13:23.477157
EVT00744,Normal,SQL Injection Attempt,5,0.01188768392742795,Low,IF_v2,2026-08-18T21:13:23.477157
EVT00745,Normal,File Access,0,0.005184749627399732,Low,IF_v2,2026-08-18T21:13:23.477157
EVT00746,Normal,Privilege Escalation,5,0.008481659855289203,Low,IF_v2,2026-08-18T21:13:23.477157
EVT00747,Normal,SQL Injection Attempt,5,0.008110861172417605,Low,IF_v2,2026-08-18T21:13:23.477157
EVT00748,Normal,Phishing Email,15,0.0027397717660237464,Low,IF_v2,2026-08-18T21:13:23.477157
EVT00749,Suspicious,Malware Detection,55,-0.028155984634662623,High,IF_v2,2026-08-18T21:13:23.477157
EVT00750,Suspicious,SQL Injection Attempt,30,-0.01983505145278719,High,IF_v2,2026-08-18T21:13:23.477157
EVT00751,Suspicious,Brute Force,45,-0.0032188853429299114,High,IF_v2,2026-08-18T21:13:23.477157
EVT00752,Normal,USB Device Connected,5,0.002700458768224334,Low,IF_v2,2026-08-18T21:13:23.477157
EVT00753,Suspicious,SQL Injection Attempt,30,-0.004799084023752287,High,IF_v2,2026-08-18T21:13:23.477157
EVT00754,Suspicious,USB Device Connected,45,-0.005403657215256041,High,IF_v2,2026-08-18T21:13:23.477157
EVT00755,Suspicious,Login Success,55,-0.003474189082800061,High,IF_v2,2026-08-18T21:13:23.477157
EVT00756,Suspicious,Malware Detection,60,-0.047294216681793566,High,IF_v2,2026-08-18T21:13:23.477157
EVT00757,Suspicious,USB Device Connected,35,-0.014333532122157489,Medium,IF_v2,2026-08-18T21:13:23.477157
EVT00758,Suspicious,Port Scan,45,-0.018785566421837707,High,IF_v2,2026-08-18T21:13:23.477157
EVT00759,Suspicious,Port Scan,55,-0.003387882047941382,High,IF_v2,2026-08-18T21:13:23.477157
EVT00760,Suspicious,Brute Force,50,-0.015915628742181553,High,IF_v2,2026-08-18T21:13:23.477157
EVT00761,Suspicious,USB Device Connected,45,-0.008282665285866297,High,IF_v2,2026-08-18T21:13:23.477157
EVT00762,Normal,SQL Injection Attempt,0,0.0013829084563670713,Low,IF_v2,2026-08-18T21:13:23.477157
EVT00763,Suspicious,USB Device Connected,55,-0.000593128045318303,High,IF_v2,2026-08-18T21:13:23.477157
EVT00764,Suspicious,Malware Detection,70,-0.049959955313229165,High,IF_v2,2026-08-18T21:13:23.477157
EVT00765,Suspicious,Phishing Email,55,-0.025648572146598103,High,IF_v2,2026-08-18T21:13:23.477157
EVT00766,Suspicious,Phishing Email,35,-0.02846976941384549,Medium,IF_v2,2026-08-18T21:13:23.477157
EVT00767,Normal,File Access,0,0.007799918826552232,Low,IF_v2,2026-08-18T21:13:23.477157
EVT00768,Suspicious,Port Scan,35,-0.010515298997840206,Medium,IF_v2,2026-08-18T21:13:23.477157
EVT00769,Normal,SQL Injection Attempt,5,0.002641374558961518,Low,IF_v2,2026-08-18T21:13:23.477157
EVT00770,Normal,File Access,5,0.020173862176433077,Low,IF_v2,2026-08-18T21:13:23.477157
EVT00771,Suspicious,Failed Login,65,-0.006435679541355266,High,IF_v2,2026-08-18T21:13:23.477157
EVT00772,Suspicious,Malware Detection,60,-0.04142273156682175,High,IF_v2,2026-08-18T21:13:23.477157
EVT00773,Suspicious,SQL Injection Attempt,35,-0.016200430728717796,High,IF_v2,2026-08-18T21:13:23.477157
EVT00774,Suspicious,Phishing Email,30,-0.01836507364059936,Medium,IF_v2,2026-08-18T21:13:23.477157
EVT00775,Normal,SQL Injection Attempt,5,0.00830707390954466,Low,IF_v2,2026-08-18T21:13:23.477157
EVT00776,Suspicious,SQL Injection Attempt,35,-0.006087627165059062,High,IF_v2,2026-08-18T21:13:23.477157
EVT00777,Suspicious,Phishing Email,45,-0.017349089963200393,High,IF_v2,2026-08-18T21:13:23.477157
EVT00778,Normal,Privilege Escalation,5,0.0064894622708601135,Low,IF_v2,2026-08-18T21:13:23.477157
EVT00779,Normal,Login Success,0,0.0051520978791767535,Low,IF_v2,2026-08-18T21:13:23.477157
EVT00780,Suspicious,Failed Login,50,-0.01085959278639903,High,IF_v2,2026-08-18T21:13:23.477157
EVT00781,Suspicious,Failed Login,40,-0.0035036559602003026,High,IF_v2,2026-08-18T21:13:23.477157
EVT00782,Suspicious,SQL Injection Attempt,45,-0.00161641100462373,High,IF_v2,2026-08-18T21:13:23.477157
EVT00783,Suspicious,Privilege Escalation,45,-0.00987108044688656,High,IF_v2,2026-08-18T21:13:23.477157
EVT00784,Suspicious,Malware Detection,70,-0.04625533583965713,High,IF_v2,2026-08-18T21:13:23.477157
EVT00785,Suspicious,USB Device Connected,30,-0.005587303418175149,Medium,IF_v2,2026-08-18T21:13:23.477157
EVT00786,Suspicious,Brute Force,50,-0.05491383001246064,High,IF_v2,2026-08-18T21:13:23.477157
EVT00787,Suspicious,Brute Force,55,-0.05303156500580419,High,IF_v2,2026-08-18T21:13:23.477157
EVT00788,Suspicious,Port Scan,30,-0.011835395737244347,Medium,IF_v2,2026-08-18T21:13:23.477157
EVT00789,Normal,Login Success,25,0.0032994774686534445,Low,IF_v2,2026-08-18T21:13:23.477157
EVT00790,Normal,Privilege Escalation,0,0.020393308683836764,Low,IF_v2,2026-08-18T21:13:23.477157
EVT00791,Suspicious,Phishing Email,55,-0.020285062670795884,High,IF_v2,2026-08-18T21:13:23.477157
EVT00792,Suspicious,Failed Login,50,-0.018938037084016535,High,IF_v2,2026-08-18T21:13:23.477157
EVT00793,Suspicious,Failed Login,55,-0.007615819692372905,High,IF_v2,2026-08-18T21:13:23.477157
EVT00794,Suspicious,SQL Injection Attempt,30,-0.011884604644766816,High,IF_v2,2026-08-18T21:13:23.477157
EVT00795,Suspicious,Login Success,45,-0.0031621968069698303,Medium,IF_v2,2026-08-18T21:13:23.477157
EVT00796,Suspicious,Malware Detection,60,-0.030542163795900912,High,IF_v2,2026-08-18T21:13:23.477157
EVT00797,Suspicious,File Access,30,-0.004793039549720657,Medium,IF_v2,2026-08-18T21:13:23.477157
EVT00798,Suspicious,Login Success,65,-0.012305447516276047,High,IF_v2,2026-08-18T21:13:23.477157
EVT00799,Suspicious,Malware Detection,80,-0.062436499530596046,Critical,IF_v2,2026-08-18T21:13:23.477157
EVT00800,Suspicious,Brute Force,45,-0.029036463792048828,High,IF_v2,2026-08-18T21:13:23.477157
EVT00801,Suspicious,USB Device Connected,30,-0.015058639683825925,Medium,IF_v2,2026-08-18T21:13:23.477157
EVT00802,Normal,Login Success,15,0.0140854012040047,Low,IF_v2,2026-08-18T21:13:23.477157
EVT00803,Suspicious,Login Success,55,-0.03126133790279495,High,IF_v2,2026-08-18T21:13:23.477157
EVT00804,Suspicious,Failed Login,40,-0.005996792568818354,High,IF_v2,2026-08-18T21:13:23.477157
EVT00805,Normal,Port Scan,5,0.010446926439570514,Low,IF_v2,2026-08-18T21:13:23.477157
EVT00806,Normal,USB Device Connected,5,0.001982353012319915,Low,IF_v2,2026-08-18T21:13:23.477157
EVT00807,Suspicious,Privilege Escalation,30,-0.00729583350965235,High,IF_v2,2026-08-18T21:13:23.477157
EVT00808,Suspicious,Malware Detection,55,-0.042631304463093045,High,IF_v2,2026-08-18T21:13:23.477157
EVT00809,Suspicious,Privilege Escalation,30,-0.0022058493160240777,High,IF_v2,2026-08-18T21:13:23.477157
EVT00810,Normal,USB Device Connected,5,0.006992072137245675,Low,IF_v2,2026-08-18T21:13:23.477157
EVT00811,Normal,Port Scan,5,0.003109175208723669,Low,IF_v2,2026-08-18T21:13:23.477157
EVT00812,Normal,SQL Injection Attempt,5,0.004803302677090615,Low,IF_v2,2026-08-18T21:13:23.477157
EVT00813,Suspicious,Phishing Email,55,-0.023110626782741006,High,IF_v2,2026-08-18T21:13:23.477157
EVT00814,Suspicious,Port Scan,35,-0.016393443627083393,Medium,IF_v2,2026-08-18T21:13:23.477157
EVT00815,Suspicious,Port Scan,30,-0.009040419327350668,Medium,IF_v2,2026-08-18T21:13:23.477157
EVT00816,Suspicious,Phishing Email,35,-0.0123788863987917,Medium,IF_v2,2026-08-18T21:13:23.477157
EVT00817,Suspicious,File Access,30,-0.002649147123037432,Medium,IF_v2,2026-08-18T21:13:23.477157
EVT00818,Suspicious,Failed Login,50,-0.00991689691380404,High,IF_v2,2026-08-18T21:13:23.477157
EVT00819,Suspicious,Failed Login,30,-0.010946987720919954,High,IF_v2,2026-08-18T21:13:23.477157
EVT00820,Suspicious,Port Scan,35,-0.0039497094028172475,Medium,IF_v2,2026-08-18T21:13:23.477157
EVT00821,Normal,Privilege Escalation,0,0.0012925873979172664,Low,IF_v2,2026-08-18T21:13:23.477157
EVT00822,Normal,Port Scan,5,0.007106323325122621,Low,IF_v2,2026-08-18T21:13:23.477157
EVT00823,Suspicious,Port Scan,30,-0.0003835130300553491,Medium,IF_v2,2026-08-18T21:13:23.477157
EVT00824,Normal,Privilege Escalation,15,0.0050373048568349565,Low,IF_v2,2026-08-18T21:13:23.477157
EVT00825,Suspicious,SQL Injection Attempt,35,-0.004399587138533945,High,IF_v2,2026-08-18T21:13:23.477157
EVT00826,Normal,Port Scan,0,0.005778851316692313,Low,IF_v2,2026-08-18T21:13:23.477157
EVT00827,Suspicious,Login Success,40,-0.02851894369639274,Medium,IF_v2,2026-08-18T21:13:23.477157
EVT00828,Suspicious,Failed Login,50,-0.028779973429344352,High,IF_v2,2026-08-18T21:13:23.477157
EVT00829,Suspicious,Port Scan,30,-0.016746793524597292,Medium,IF_v2,2026-08-18T21:13:23.477157
EVT00830,Suspicious,Privilege Escalation,30,-0.005571484234539126,High,IF_v2,2026-08-18T21:13:23.477157
EVT00831,Suspicious,File Access,35,-8.257935197297783e-05,Medium,IF_v2,2026-08-18T21:13:23.477157
EVT00832,Suspicious,Failed Login,65,-0.014912665240948253,High,IF_v2,2026-08-18T21:13:23.477157
EVT00833,Suspicious,Phishing Email,45,-0.01427441857597811,High,IF_v2,2026-08-18T21:13:23.477157
EVT00834,Suspicious,SQL Injection Attempt,45,-0.014848704797940426,High,IF_v2,2026-08-18T21:13:23.477157
EVT00835,Suspicious,Login Success,50,-0.0023969300023430895,High,IF_v2,2026-08-18T21:13:23.477157
EVT00836,Suspicious,SQL Injection Attempt,30,-0.012020574372106685,High,IF_v2,2026-08-18T21:13:23.477157
EVT00837,Suspicious,Port Scan,30,-0.011862978722172235,Medium,IF_v2,2026-08-18T21:13:23.477157
EVT00838,Suspicious,Malware Detection,55,-0.035268610941444845,High,IF_v2,2026-08-18T21:13:23.477157
EVT00839,Suspicious,Login Success,55,-0.011326877137535774,High,IF_v2,2026-08-18T21:13:23.477157
EVT00840,Normal,Failed Login,0,0.0023704952651042444,Low,IF_v2,2026-08-18T21:13:23.477157
EVT00841,Suspicious,Brute Force,30,-0.02432024234452912,High,IF_v2,2026-08-18T21:13:23.477157
EVT00842,Suspicious,Phishing Email,35,-0.016312412101355145,Medium,IF_v2,2026-08-18T21:13:23.477157
EVT00843,Suspicious,Privilege Escalation,35,-0.004606131515396017,High,IF_v2,2026-08-18T21:13:23.477157
EVT00844,Suspicious,USB Device Connected,35,-0.00031978209170513416,Medium,IF_v2,2026-08-18T21:13:23.477157
EVT00845,Normal,File Access,5,0.006093139338634923,Low,IF_v2,2026-08-18T21:13:23.477157
EVT00846,Normal,SQL Injection Attempt,25,0.006533646045398356,Low,IF_v2,2026-08-18T21:13:23.477157
EVT00847,Suspicious,Login Success,40,-0.002803041403256712,Medium,IF_v2,2026-08-18T21:13:23.477157
EVT00848,Suspicious,Failed Login,65,-0.02292117314805664,High,IF_v2,2026-08-18T21:13:23.477157
EVT00849,Suspicious,Port Scan,30,-0.01653220390149579,Medium,IF_v2,2026-08-18T21:13:23.477157
EVT00850,Suspicious,SQL Injection Attempt,55,-0.013855704551746895,High,IF_v2,2026-08-18T21:13:23.477157
EVT00851,Suspicious,Phishing Email,30,-0.018685757522873603,Medium,IF_v2,2026-08-18T21:13:23.477157
EVT00852,Suspicious,File Access,30,-0.00943073789278348,Medium,IF_v2,2026-08-18T21:13:23.477157
EVT00853,Normal,USB Device Connected,0,0.007745466309958315,Low,IF_v2,2026-08-18T21:13:23.477157
EVT00854,Suspicious,Privilege Escalation,30,-0.006664632090931044,High,IF_v2,2026-08-18T21:13:23.477157
EVT00855,Suspicious,USB Device Connected,35,-0.011477033154604244,Medium,IF_v2,2026-08-18T21:13:23.477157
EVT00856,Suspicious,USB Device Connected,30,-0.011263685597110218,Medium,IF_v2,2026-08-18T21:13:23.477157
EVT00857,Suspicious,SQL Injection Attempt,30,-0.009271418052812286,High,IF_v2,2026-08-18T21:13:23.477157
EVT00858,Normal,Port Scan,15,0.005996426065757732,Low,IF_v2,2026-08-18T21:13:23.477157
EVT00859,Suspicious,USB Device Connected,55,-0.0032653639642666876,High,IF_v2,2026-08-18T21:13:23.477157
EVT00860,Suspicious,Brute Force,45,-0.02518113198358518,High,IF_v2,2026-08-18T21:13:23.477157
EVT00861,Suspicious,Brute Force,55,-0.037605160901202805,High,IF_v2,2026-08-18T21:13:23.477157
EVT00862,Suspicious,Port Scan,45,-0.013169592733170088,High,IF_v2,2026-08-18T21:13:23.477157
EVT00863,Suspicious,SQL Injection Attempt,30,-0.008872301608708666,High,IF_v2,2026-08-18T21:13:23.477157
EVT00864,Suspicious,Login Success,35,-0.005114409698839695,Medium,IF_v2,2026-08-18T21:13:23.477157
EVT00865,Suspicious,Brute Force,30,-0.013686519262068986,High,IF_v2,2026-08-18T21:13:23.477157
EVT00866,Suspicious,Malware Detection,60,-0.027684671025475116,High,IF_v2,2026-08-18T21:13:23.477157
EVT00867,Suspicious,File Access,35,-0.00043426595122264544,Medium,IF_v2,2026-08-18T21:13:23.477157
EVT00868,Suspicious,Privilege Escalation,35,-0.006915765115390715,High,IF_v2,2026-08-18T21:13:23.477157
EVT00869,Suspicious,Login Success,65,-0.006321964644928957,High,IF_v2,2026-08-18T21:13:23.477157
EVT00870,Suspicious,File Access,30,-0.003479073646875941,Medium,IF_v2,2026-08-18T21:13:23.477157
EVT00871,Normal,Privilege Escalation,5,0.00571625789011404,Low,IF_v2,2026-08-18T21:13:23.477157
EVT00872,Suspicious,Brute Force,55,-0.04788646050577938,High,IF_v2,2026-08-18T21:13:23.477157
EVT00873,Normal,SQL Injection Attempt,0,0.0010412186819123148,Low,IF_v2,2026-08-18T21:13:23.477157
EVT00874,Suspicious,USB Device Connected,45,-0.005937717829286426,High,IF_v2,2026-08-18T21:13:23.477157
EVT00875,Suspicious,Privilege Escalation,45,-0.01142085415064309,High,IF_v2,2026-08-18T21:13:23.477157
EVT00876,Normal,Privilege Escalation,15,0.015563304567651703,Low,IF_v2,2026-08-18T21:13:23.477157
EVT00877,Suspicious,File Access,35,-0.002286103207349899,Medium,IF_v2,2026-08-18T21:13:23.477157
EVT00878,Suspicious,USB Device Connected,30,-0.001758409822882001,Medium,IF_v2,2026-08-18T21:13:23.477157
EVT00879,Suspicious,Phishing Email,30,-0.026561116883498492,Medium,IF_v2,2026-08-18T21:13:23.477157
EVT00880,Suspicious,SQL Injection Attempt,55,-0.0179450616693847,High,IF_v2,2026-08-18T21:13:23.477157
EVT00881,Suspicious,Login Success,30,-0.011237464199952418,Medium,IF_v2,2026-08-18T21:13:23.477157
EVT00882,Suspicious,Malware Detection,60,-0.0500841032443462,High,IF_v2,2026-08-18T21:13:23.477157
EVT00883,Suspicious,File Access,30,-0.005133755824621722,Medium,IF_v2,2026-08-18T21:13:23.477157
EVT00884,Suspicious,USB Device Connected,30,-0.003049372145414342,Medium,IF_v2,2026-08-18T21:13:23.477157
EVT00885,Normal,File Access,5,0.009472894438744828,Low,IF_v2,2026-08-18T21:13:23.477157
EVT00886,Suspicious,Malware Detection,55,-0.04103695911398353,High,IF_v2,2026-08-18T21:13:23.477157
EVT00887,Suspicious,USB Device Connected,30,-0.006202789289604604,Medium,IF_v2,2026-08-18T21:13:23.477157
EVT00888,Suspicious,File Access,30,-0.013261967314825318,Medium,IF_v2,2026-08-18T21:13:23.477157
EVT00889,Suspicious,Phishing Email,30,-0.012301180086891628,Medium,IF_v2,2026-08-18T21:13:23.477157
EVT00890,Normal,Failed Login,35,0.0035605746767674584,Low,IF_v2,2026-08-18T21:13:23.477157
EVT00891,Normal,SQL Injection Attempt,15,0.009971917514265016,Low,IF_v2,2026-08-18T21:13:23.477157
EVT00892,Suspicious,Malware Detection,55,-0.05099399259953796,High,IF_v2,2026-08-18T21:13:23.477157
EVT00893,Normal,Failed Login,10,0.005323076712693053,Low,IF_v2,2026-08-18T21:13:23.477157
EVT00894,Suspicious,Failed Login,55,-0.004555839521539595,High,IF_v2,2026-08-18T21:13:23.477157
EVT00895,Suspicious,Failed Login,45,-0.009537106888715119,High,IF_v2,2026-08-18T21:13:23.477157
EVT00896,Suspicious,Brute Force,65,-0.020484132536079946,High,IF_v2,2026-08-18T21:13:23.477157
EVT00897,Suspicious,USB Device Connected,35,-0.0008679599656533643,Medium,IF_v2,2026-08-18T21:13:23.477157
EVT00898,Suspicious,Brute Force,50,-0.04269331806999521,High,IF_v2,2026-08-18T21:13:23.477157
EVT00899,Normal,Failed Login,15,0.012297892077209549,Low,IF_v2,2026-08-18T21:13:23.477157
EVT00900,Suspicious,Login Success,55,-0.015097908983841668,High,IF_v2,2026-08-18T21:13:23.477157
EVT00901,Suspicious,Port Scan,30,-0.012994377850016225,Medium,IF_v2,2026-08-18T21:13:23.477157
EVT00902,Suspicious,Malware Detection,55,-0.022725177779268302,High,IF_v2,2026-08-18T21:13:23.477157
EVT00903,Suspicious,Login Success,55,-0.008248494036635523,High,IF_v2,2026-08-18T21:13:23.477157
EVT00904,Suspicious,File Access,35,-0.007342369032957818,Medium,IF_v2,2026-08-18T21:13:23.477157
EVT00905,Suspicious,Failed Login,65,-0.01843907958552926,High,IF_v2,2026-08-18T21:13:23.477157
EVT00906,Normal,SQL Injection Attempt,25,0.006313110630357277,Low,IF_v2,2026-08-18T21:13:23.477157
EVT00907,Suspicious,Brute Force,35,-0.004853076833346681,High,IF_v2,2026-08-18T21:13:23.477157
EVT00908,Suspicious,Phishing Email,30,-0.024039233287659112,Medium,IF_v2,2026-08-18T21:13:23.477157
EVT00909,Normal,Privilege Escalation,5,0.007044885198979112,Low,IF_v2,2026-08-18T21:13:23.477157
EVT00910,Suspicious,Phishing Email,30,-0.00713264697291871,Medium,IF_v2,2026-08-18T21:13:23.477157
EVT00911,Suspicious,Port Scan,35,-0.005637709066918628,Medium,IF_v2,2026-08-18T21:13:23.477157
EVT00912,Normal,File Access,5,0.016284204759871135,Low,IF_v2,2026-08-18T21:13:23.477157
EVT00913,Suspicious,Brute Force,40,-0.05743926783541031,High,IF_v2,2026-08-18T21:13:23.477157
EVT00914,Normal,File Access,5,0.006875685822373967,Low,IF_v2,2026-08-18T21:13:23.477157
EVT00915,Suspicious,Brute Force,55,-0.012156086717217907,High,IF_v2,2026-08-18T21:13:23.477157
EVT00916,Suspicious,Malware Detection,60,-0.04761387921854987,High,IF_v2,2026-08-18T21:13:23.477157
EVT00917,Suspicious,Privilege Escalation,35,-0.005362162891639377,High,IF_v2,2026-08-18T21:13:23.477157
EVT00918,Normal,Phishing Email,5,0.0015748838928382192,Low,IF_v2,2026-08-18T21:13:23.477157
EVT00919,Suspicious,Phishing Email,35,-0.010372376798277294,Medium,IF_v2,2026-08-18T21:13:23.477157
EVT00920,Suspicious,Phishing Email,35,-0.01790677433502008,Medium,IF_v2,2026-08-18T21:13:23.477157
EVT00921,Suspicious,SQL Injection Attempt,30,-0.0044546761866423035,High,IF_v2,2026-08-18T21:13:23.477157
EVT00922,Normal,Failed Login,0,0.0014869881915399175,Low,IF_v2,2026-08-18T21:13:23.477157
EVT00923,Suspicious,USB Device Connected,35,-0.0032125099740292207,Medium,IF_v2,2026-08-18T21:13:23.477157
EVT00924,Suspicious,Phishing Email,45,-0.016277731423692043,High,IF_v2,2026-08-18T21:13:23.477157
EVT00925,Normal,Privilege Escalation,5,0.007455664209577995,Low,IF_v2,2026-08-18T21:13:23.477157
EVT00926,Suspicious,File Access,30,-0.00766718608277428,Medium,IF_v2,2026-08-18T21:13:23.477157
EVT00927,Normal,File Access,5,0.015117252193648234,Low,IF_v2,2026-08-18T21:13:23.477157
EVT00928,Suspicious,Privilege Escalation,35,-0.000373720763466423,High,IF_v2,2026-08-18T21:13:23.477157
EVT00929,Suspicious,Brute Force,75,-0.05395833634189495,High,IF_v2,2026-08-18T21:13:23.477157
EVT00930,Suspicious,Phishing Email,55,-0.012856934501970896,High,IF_v2,2026-08-18T21:13:23.477157
EVT00931,Suspicious,USB Device Connected,30,-0.007087760230790052,Medium,IF_v2,2026-08-18T21:13:23.477157
EVT00932,Suspicious,File Access,45,-0.003757298714774815,High,IF_v2,2026-08-18T21:13:23.477157
EVT00933,Suspicious,Login Success,55,-0.03347499924991271,High,IF_v2,2026-08-18T21:13:23.477157
EVT00934,Normal,Privilege Escalation,15,0.013762037573151975,Low,IF_v2,2026-08-18T21:13:23.477157
EVT00935,Suspicious,Login Success,55,-0.03976267352870755,High,IF_v2,2026-08-18T21:13:23.477157
EVT00936,Suspicious,SQL Injection Attempt,35,-0.01120396037171767,High,IF_v2,2026-08-18T21:13:23.477157
EVT00937,Suspicious,Failed Login,35,-0.004361705601534482,High,IF_v2,2026-08-18T21:13:23.477157
EVT00938,Suspicious,Port Scan,35,-0.006079459767502571,Medium,IF_v2,2026-08-18T21:13:23.477157
EVT00939,Suspicious,Malware Detection,70,-0.04929261114187933,High,IF_v2,2026-08-18T21:13:23.477157
EVT00940,Suspicious,Brute Force,65,-0.008961404487981328,High,IF_v2,2026-08-18T21:13:23.477157
EVT00941,Suspicious,Failed Login,50,-0.007508244189757152,High,IF_v2,2026-08-18T21:13:23.477157
EVT00942,Normal,SQL Injection Attempt,25,0.01526898439992086,Low,IF_v2,2026-08-18T21:13:23.477157
EVT00943,Suspicious,SQL Injection Attempt,30,-0.005880830543938398,High,IF_v2,2026-08-18T21:13:23.477157
EVT00944,Suspicious,Failed Login,55,-0.0075003335694731055,High,IF_v2,2026-08-18T21:13:23.477157
EVT00945,Suspicious,Failed Login,35,-0.005665916506724433,High,IF_v2,2026-08-18T21:13:23.477157
EVT00946,Suspicious,Malware Detection,60,-0.038209493283622,High,IF_v2,2026-08-18T21:13:23.477157
EVT00947,Suspicious,Login Success,35,-0.01194323299040212,Medium,IF_v2,2026-08-18T21:13:23.477157
EVT00948,Suspicious,Failed Login,30,-0.011884188997007605,High,IF_v2,2026-08-18T21:13:23.477157
EVT00949,Suspicious,Failed Login,30,-0.010316223718283335,High,IF_v2,2026-08-18T21:13:23.477157
EVT00950,Normal,File Access,5,0.00916165979162148,Low,IF_v2,2026-08-18T21:13:23.477157
EVT00951,Suspicious,Brute Force,35,-0.009259622071977724,High,IF_v2,2026-08-18T21:13:23.477157
EVT00952,Suspicious,Privilege Escalation,45,-0.008444838242000263,High,IF_v2,2026-08-18T21:13:23.477157
EVT00953,Suspicious,USB Device Connected,30,-0.002769898929739112,Medium,IF_v2,2026-08-18T21:13:23.477157
EVT00954,Suspicious,Login Success,75,-0.009460650549201532,High,IF_v2,2026-08-18T21:13:23.477157
EVT00955,Normal,Privilege Escalation,25,0.0016562675666949578,Low,IF_v2,2026-08-18T21:13:23.477157
EVT00956,Suspicious,SQL Injection Attempt,30,-0.005153278913230586,High,IF_v2,2026-08-18T21:13:23.477157
EVT00957,Suspicious,Login Success,55,-0.009418950468761844,High,IF_v2,2026-08-18T21:13:23.477157
EVT00958,Suspicious,Port Scan,35,-0.017436115528129292,Medium,IF_v2,2026-08-18T21:13:23.477157
EVT00959,Suspicious,Failed Login,50,-0.014677489739426619,High,IF_v2,2026-08-18T21:13:23.477157
EVT00960,Suspicious,Login Success,30,-0.017842524890232747,Medium,IF_v2,2026-08-18T21:13:23.477157
EVT00961,Normal,USB Device Connected,5,0.004809170041829847,Low,IF_v2,2026-08-18T21:13:23.477157
EVT00962,Suspicious,Failed Login,30,-0.015675435050979458,High,IF_v2,2026-08-18T21:13:23.477157
EVT00963,Suspicious,Privilege Escalation,35,-0.014977460703355594,High,IF_v2,2026-08-18T21:13:23.477157
EVT00964,Suspicious,Privilege Escalation,35,-0.00519543474940265,High,IF_v2,2026-08-18T21:13:23.477157
EVT00965,Suspicious,Brute Force,65,-0.031079685193132423,High,IF_v2,2026-08-18T21:13:23.477157
EVT00966,Suspicious,Port Scan,35,-0.004881020923962365,Medium,IF_v2,2026-08-18T21:13:23.477157
EVT00967,Suspicious,Malware Detection,70,-0.0448548393551359,High,IF_v2,2026-08-18T21:13:23.477157
EVT00968,Suspicious,Brute Force,50,-0.011758429250554925,High,IF_v2,2026-08-18T21:13:23.477157
EVT00969,Normal,File Access,0,0.0008672183085344787,Low,IF_v2,2026-08-18T21:13:23.477157
EVT00970,Normal,File Access,0,0.0015349380979577942,Low,IF_v2,2026-08-18T21:13:23.477157
EVT00971,Suspicious,Phishing Email,45,-0.011822371319550218,High,IF_v2,2026-08-18T21:13:23.477157
EVT00972,Suspicious,Malware Detection,60,-0.02143755741728348,High,IF_v2,2026-08-18T21:13:23.477157
EVT00973,Suspicious,Malware Detection,55,-0.025281759044634144,High,IF_v2,2026-08-18T21:13:23.477157
EVT00974,Normal,Port Scan,5,0.008361830074418986,Low,IF_v2,2026-08-18T21:13:23.477157
EVT00975,Suspicious,USB Device Connected,30,-0.0209938991158255,Medium,IF_v2,2026-08-18T21:13:23.477157
EVT00976,Suspicious,Phishing Email,45,-0.031092598303483765,High,IF_v2,2026-08-18T21:13:23.477157
EVT00977,Suspicious,Brute Force,55,-0.011885764025070245,High,IF_v2,2026-08-18T21:13:23.477157
EVT00978,Suspicious,Port Scan,35,-0.004985100064538006,Medium,IF_v2,2026-08-18T21:13:23.477157
EVT00979,Suspicious,Privilege Escalation,30,-0.0287771133851894,High,IF_v2,2026-08-18T21:13:23.477157
EVT00980,Suspicious,Phishing Email,45,-0.015068488039038375,High,IF_v2,2026-08-18T21:13:23.477157
EVT00981,Normal,Failed Login,5,0.011734195194319286,Low,IF_v2,2026-08-18T21:13:23.477157
EVT00982,Suspicious,SQL Injection Attempt,30,-0.005837255058955271,High,IF_v2,2026-08-18T21:13:23.477157
EVT00983,Normal,SQL Injection Attempt,5,0.01452941213832587,Low,IF_v2,2026-08-18T21:13:23.477157
EVT00984,Suspicious,Malware Detection,55,-0.03242761720564702,High,IF_v2,2026-08-18T21:13:23.477157
EVT00985,Suspicious,Failed Login,55,-0.006294206594094631,High,IF_v2,2026-08-18T21:13:23.477157
EVT00986,Suspicious,Brute Force,75,-0.021384638450509086,High,IF_v2,2026-08-18T21:13:23.477157
EVT00987,Suspicious,Malware Detection,60,-0.03880950245128978,High,IF_v2,2026-08-18T21:13:23.477157
EVT00988,Suspicious,Port Scan,35,-0.01181890437897326,Medium,IF_v2,2026-08-18T21:13:23.477157
EVT00989,Suspicious,SQL Injection Attempt,30,-0.02786275387347803,High,IF_v2,2026-08-18T21:13:23.477157
EVT00990,Suspicious,Brute Force,30,-0.041928237378946465,High,IF_v2,2026-08-18T21:13:23.477157
EVT00991,Suspicious,Brute Force,65,-0.044181933887479596,High,IF_v2,2026-08-18T21:13:23.477157
EVT00992,Suspicious,Failed Login,40,-0.013325116124623837,High,IF_v2,2026-08-18T21:13:23.477157
EVT00993,Normal,File Access,0,0.01892932655557006,Low,IF_v2,2026-08-18T21:13:23.477157
EVT00994,Suspicious,Malware Detection,60,-0.02705506564596105,High,IF_v2,2026-08-18T21:13:23.477157
EVT00995,Normal,File Access,15,0.0005966144333118817,Low,IF_v2,2026-08-18T21:13:23.477157
EVT00996,Suspicious,Phishing Email,35,-0.013620874077878042,Medium,IF_v2,2026-08-18T21:13:23.477157
EVT00997,Suspicious,Phishing Email,35,-0.0023190735920548544,Medium,IF_v2,2026-08-18T21:13:23.477157
EVT00998,Suspicious,Port Scan,35,-0.008185363202938278,Medium,IF_v2,2026-08-18T21:13:23.477157
EVT00999,Suspicious,USB Device Connected,30,-0.008059118494655682,Medium,IF_v2,2026-08-18T21:13:23.477157
EVT01000,Normal,Privilege Escalation,15,0.0020273115631777028,Low,IF_v2,2026-08-18T21:13:23.477157
EVT01001,Normal,Phishing Email,0,0.0005934578317848271,Low,IF_v2,2026-08-18T21:13:23.477157
EVT01002,Suspicious,Brute Force,55,-0.04960268107444077,High,IF_v2,2026-08-18T21:13:23.477157
EVT01003,Suspicious,Brute Force,65,-0.047684136720760995,High,IF_v2,2026-08-18T21:13:23.477157
EVT01004,Suspicious,File Access,35,-0.014090507648802153,Medium,IF_v2,2026-08-18T21:13:23.477157
EVT01005,Suspicious,Malware Detection,55,-0.03383061635034579,High,IF_v2,2026-08-18T21:13:23.477157
EVT01006,Suspicious,Port Scan,55,-0.007699231654335503,High,IF_v2,2026-08-18T21:13:23.477157
EVT01007,Normal,USB Device Connected,15,0.0005925649845926473,Low,IF_v2,2026-08-18T21:13:23.477157
EVT01008,Suspicious,Brute Force,45,-0.02644321655005566,High,IF_v2,2026-08-18T21:13:23.477157
EVT01009,Suspicious,Malware Detection,60,-0.03776220121822893,High,IF_v2,2026-08-18T21:13:23.477157
EVT01010,Suspicious,Malware Detection,55,-0.037181575553766555,High,IF_v2,2026-08-18T21:13:23.477157
EVT01011,Suspicious,Phishing Email,30,-0.014427437231612328,Medium,IF_v2,2026-08-18T21:13:23.477157
EVT01012,Suspicious,Login Success,50,-0.005597316875410208,High,IF_v2,2026-08-18T21:13:23.477157
EVT01013,Suspicious,File Access,55,-0.018841141852420584,High,IF_v2,2026-08-18T21:13:23.477157
EVT01014,Normal,File Access,5,0.005292104910479545,Low,IF_v2,2026-08-18T21:13:23.477157
EVT01015,Suspicious,Port Scan,45,-0.016141107561625567,High,IF_v2,2026-08-18T21:13:23.477157
EVT01016,Suspicious,Failed Login,45,-0.0006682641423773061,High,IF_v2,2026-08-18T21:13:23.477157
EVT01017,Suspicious,Port Scan,35,-0.010855450726608429,Medium,IF_v2,2026-08-18T21:13:23.477157
EVT01018,Suspicious,SQL Injection Attempt,35,-0.0024642983213922776,High,IF_v2,2026-08-18T21:13:23.477157
EVT01019,Normal,File Access,0,0.00931325900280816,Low,IF_v2,2026-08-18T21:13:23.477157
EVT01020,Suspicious,Port Scan,30,-0.02179070179726561,Medium,IF_v2,2026-08-18T21:13:23.477157
EVT01021,Suspicious,Brute Force,35,-0.014048748197453054,High,IF_v2,2026-08-18T21:13:23.477157
EVT01022,Normal,File Access,25,0.009028836017770825,Low,IF_v2,2026-08-18T21:13:23.477157
EVT01023,Normal,Port Scan,5,0.0034556787866789618,Low,IF_v2,2026-08-18T21:13:23.477157
EVT01024,Normal,Privilege Escalation,0,0.005948772182378437,Low,IF_v2,2026-08-18T21:13:23.477157
EVT01025,Suspicious,Brute Force,50,-0.059468563332383706,High,IF_v2,2026-08-18T21:13:23.477157
EVT01026,Suspicious,Privilege Escalation,35,-0.008464022816091266,High,IF_v2,2026-08-18T21:13:23.477157
EVT01027,Normal,File Access,5,0.019165700164307298,Low,IF_v2,2026-08-18T21:13:23.477157
EVT01028,Normal,Privilege Escalation,0,0.006381877458103591,Low,IF_v2,2026-08-18T21:13:23.477157
EVT01029,Normal,Failed Login,10,0.0012932994345936644,Low,IF_v2,2026-08-18T21:13:23.477157
EVT01030,Suspicious,Port Scan,35,-0.0010613262823183645,Medium,IF_v2,2026-08-18T21:13:23.477157
EVT01031,Suspicious,Failed Login,75,-0.024450650488633596,High,IF_v2,2026-08-18T21:13:23.477157
EVT01032,Normal,Privilege Escalation,0,0.015608377749095237,Low,IF_v2,2026-08-18T21:13:23.477157
EVT01033,Normal,File Access,0,0.014336743521821516,Low,IF_v2,2026-08-18T21:13:23.477157
EVT01034,Suspicious,Port Scan,35,-0.010407368340360379,Medium,IF_v2,2026-08-18T21:13:23.477157
EVT01035,Normal,Privilege Escalation,15,0.004060899625471015,Low,IF_v2,2026-08-18T21:13:23.477157
EVT01036,Suspicious,Port Scan,55,-0.0071401881928202515,High,IF_v2,2026-08-18T21:13:23.477157
EVT01037,Suspicious,SQL Injection Attempt,30,-0.016349740126428758,High,IF_v2,2026-08-18T21:13:23.477157
EVT01038,Normal,Privilege Escalation,0,0.008735947004496092,Low,IF_v2,2026-08-18T21:13:23.477157
EVT01039,Suspicious,Malware Detection,70,-0.027934717782195917,High,IF_v2,2026-08-18T21:13:23.477157
EVT01040,Suspicious,Failed Login,50,-0.020016334787542833,High,IF_v2,2026-08-18T21:13:23.477157
EVT01041,Normal,Failed Login,25,0.008226115188543326,Low,IF_v2,2026-08-18T21:13:23.477157
EVT01042,Normal,File Access,15,0.0033543624315572895,Low,IF_v2,2026-08-18T21:13:23.477157
EVT01043,Suspicious,Brute Force,55,-0.0668041774477085,High,IF_v2,2026-08-18T21:13:23.477157
EVT01044,Suspicious,USB Device Connected,45,-0.00025454813764580475,High,IF_v2,2026-08-18T21:13:23.477157
EVT01045,Suspicious,Failed Login,55,-0.013796111884527673,High,IF_v2,2026-08-18T21:13:23.477157
EVT01046,Suspicious,USB Device Connected,30,-0.004188430540048138,Medium,IF_v2,2026-08-18T21:13:23.477157
EVT01047,Suspicious,Login Success,50,-0.0030732101234104414,High,IF_v2,2026-08-18T21:13:23.477157
EVT01048,Suspicious,Phishing Email,35,-0.004292774058078708,Medium,IF_v2,2026-08-18T21:13:23.477157
EVT01049,Suspicious,Login Success,40,-0.021910724025432704,Medium,IF_v2,2026-08-18T21:13:23.477157
EVT01050,Suspicious,Port Scan,30,-0.008137559022570184,Medium,IF_v2,2026-08-18T21:13:23.477157
EVT01051,Suspicious,Login Success,45,-0.00421256324796615,Medium,IF_v2,2026-08-18T21:13:23.477157
EVT01052,Suspicious,File Access,30,-0.012555812202224348,Medium,IF_v2,2026-08-18T21:13:23.477157
EVT01053,Suspicious,SQL Injection Attempt,35,-0.010574384688260663,High,IF_v2,2026-08-18T21:13:23.477157
EVT01054,Suspicious,Login Success,50,-0.020612303112071517,High,IF_v2,2026-08-18T21:13:23.477157
EVT01055,Normal,File Access,0,0.012760425002593778,Low,IF_v2,2026-08-18T21:13:23.477157
EVT01056,Suspicious,Port Scan,30,-0.008432223698996766,Medium,IF_v2,2026-08-18T21:13:23.477157
EVT01057,Suspicious,Login Success,50,-0.014298947872243173,High,IF_v2,2026-08-18T21:13:23.477157
EVT01058,Suspicious,Malware Detection,70,-0.046716590993969076,High,IF_v2,2026-08-18T21:13:23.477157
EVT01059,Normal,Port Scan,15,0.005853977580559444,Low,IF_v2,2026-08-18T21:13:23.477157
EVT01060,Normal,Privilege Escalation,15,0.012796621361072569,Low,IF_v2,2026-08-18T21:13:23.477157
EVT01061,Suspicious,Phishing Email,30,-0.019692366360667846,Medium,IF_v2,2026-08-18T21:13:23.477157
EVT01062,Suspicious,Malware Detection,60,-0.041081352849828834,High,IF_v2,2026-08-18T21:13:23.477157
EVT01063,Suspicious,Phishing Email,30,-0.018821839557675912,Medium,IF_v2,2026-08-18T21:13:23.477157
EVT01064,Normal,SQL Injection Attempt,0,0.0017743880768354425,Low,IF_v2,2026-08-18T21:13:23.477157
EVT01065,Suspicious,Malware Detection,55,-0.04351003608599768,High,IF_v2,2026-08-18T21:13:23.477157
EVT01066,Suspicious,Malware Detection,55,-0.055199850365728054,High,IF_v2,2026-08-18T21:13:23.477157
EVT01067,Suspicious,Failed Login,55,-0.00998182064982911,High,IF_v2,2026-08-18T21:13:23.477157
EVT01068,Suspicious,Failed Login,55,-0.012967078758809869,High,IF_v2,2026-08-18T21:13:23.477157
EVT01069,Suspicious,Port Scan,55,-0.0018523864021672276,High,IF_v2,2026-08-18T21:13:23.477157
EVT01070,Suspicious,File Access,45,-0.0027493790482707725,High,IF_v2,2026-08-18T21:13:23.477157
EVT01071,Suspicious,SQL Injection Attempt,35,-0.009117961387564155,High,IF_v2,2026-08-18T21:13:23.477157
EVT01072,Suspicious,Phishing Email,45,-0.021453380587866278,High,IF_v2,2026-08-18T21:13:23.477157
EVT01073,Suspicious,Brute Force,65,-0.06872731827140266,High,IF_v2,2026-08-18T21:13:23.477157
EVT01074,Normal,Privilege Escalation,25,0.011413866530970651,Low,IF_v2,2026-08-18T21:13:23.477157
EVT01075,Normal,SQL Injection Attempt,5,0.008685532567334064,Low,IF_v2,2026-08-18T21:13:23.477157
EVT01076,Suspicious,SQL Injection Attempt,30,-0.01007946834171003,High,IF_v2,2026-08-18T21:13:23.477157
EVT01077,Suspicious,Malware Detection,55,-0.04484905875912781,High,IF_v2,2026-08-18T21:13:23.477157
EVT01078,Suspicious,Failed Login,50,-0.01580108158424587,High,IF_v2,2026-08-18T21:13:23.477157
EVT01079,Suspicious,Port Scan,30,-0.014680631465957439,Medium,IF_v2,2026-08-18T21:13:23.477157
EVT01080,Normal,USB Device Connected,15,0.0010237430097340128,Low,IF_v2,2026-08-18T21:13:23.477157
EVT01081,Suspicious,Malware Detection,55,-0.04456388405254397,High,IF_v2,2026-08-18T21:13:23.477157
EVT01082,Suspicious,USB Device Connected,45,-0.007304512833066545,High,IF_v2,2026-08-18T21:13:23.477157
EVT01083,Suspicious,USB Device Connected,35,-0.00731461628168828,Medium,IF_v2,2026-08-18T21:13:23.477157
EVT01084,Suspicious,Port Scan,35,-0.0036935397910980994,Medium,IF_v2,2026-08-18T21:13:23.477157
EVT01085,Suspicious,Malware Detection,60,-0.036810062266120935,High,IF_v2,2026-08-18T21:13:23.477157
EVT01086,Suspicious,Phishing Email,35,-0.003167182302625915,Medium,IF_v2,2026-08-18T21:13:23.477157
EVT01087,Suspicious,Failed Login,50,-0.0396976872983511,High,IF_v2,2026-08-18T21:13:23.477157
EVT01088,Suspicious,Failed Login,65,-0.007493615491160455,High,IF_v2,2026-08-18T21:13:23.477157
EVT01089,Suspicious,Login Success,45,-0.004375989840041394,Medium,IF_v2,2026-08-18T21:13:23.477157
EVT01090,Suspicious,Phishing Email,45,-0.005713850482876093,High,IF_v2,2026-08-18T21:13:23.477157
EVT01091,Suspicious,Brute Force,55,-0.045558764341554814,High,IF_v2,2026-08-18T21:13:23.477157
EVT01092,Normal,Privilege Escalation,0,0.017274579859602235,Low,IF_v2,2026-08-18T21:13:23.477157
EVT01093,Suspicious,Malware Detection,60,-0.04226435593315769,High,IF_v2,2026-08-18T21:13:23.477157
EVT01094,Suspicious,Failed Login,55,-0.016282693107040336,High,IF_v2,2026-08-18T21:13:23.477157
EVT01095,Suspicious,Phishing Email,35,-0.0012911946727613977,Medium,IF_v2,2026-08-18T21:13:23.477157
EVT01096,Suspicious,Brute Force,45,-0.019242829432073005,High,IF_v2,2026-08-18T21:13:23.477157
EVT01097,Suspicious,Login Success,45,-0.0008597979222515484,High,IF_v2,2026-08-18T21:13:23.477157
EVT01098,Normal,File Access,15,0.010019542963082273,Low,IF_v2,2026-08-18T21:13:23.477157
EVT01099,Suspicious,USB Device Connected,30,-0.0036082861976122205,Medium,IF_v2,2026-08-18T21:13:23.477157
EVT01100,Suspicious,Login Success,45,-0.005831879742331458,Medium,IF_v2,2026-08-18T21:13:23.477157
EVT01101,Normal,SQL Injection Attempt,15,0.0018195347011051854,Low,IF_v2,2026-08-18T21:13:23.477157
EVT01102,Suspicious,Brute Force,45,-0.018721262853681586,High,IF_v2,2026-08-18T21:13:23.477157
EVT01103,Suspicious,Port Scan,45,-0.014809136119347865,High,IF_v2,2026-08-18T21:13:23.477157
EVT01104,Suspicious,Failed Login,45,-0.008670062655980137,High,IF_v2,2026-08-18T21:13:23.477157
EVT01105,Suspicious,Brute Force,30,-0.019845416893376266,High,IF_v2,2026-08-18T21:13:23.477157
EVT01106,Normal,Privilege Escalation,15,0.020479794811033236,Low,IF_v2,2026-08-18T21:13:23.477157
EVT01107,Suspicious,Login Success,55,-0.0188931879053561,High,IF_v2,2026-08-18T21:13:23.477157
EVT01108,Normal,SQL Injection Attempt,5,0.0018673284843970794,Low,IF_v2,2026-08-18T21:13:23.477157
EVT01109,Suspicious,Malware Detection,55,-0.03618584817204151,High,IF_v2,2026-08-18T21:13:23.477157
EVT01110,Suspicious,Brute Force,35,-0.019152545049183067,High,IF_v2,2026-08-18T21:13:23.477157
EVT01111,Suspicious,Failed Login,30,-0.01590614969248838,High,IF_v2,2026-08-18T21:13:23.477157
EVT01112,Suspicious,Malware Detection,70,-0.03787998462743403,High,IF_v2,2026-08-18T21:13:23.477157
EVT01113,Normal,SQL Injection Attempt,0,0.009083534055527642,Low,IF_v2,2026-08-18T21:13:23.477157
EVT01114,Normal,File Access,5,0.014321046458487363,Low,IF_v2,2026-08-18T21:13:23.477157
EVT01115,Normal,File Access,5,0.007813717812675758,Low,IF_v2,2026-08-18T21:13:23.477157
EVT01116,Suspicious,Port Scan,45,-0.012056180225343271,High,IF_v2,2026-08-18T21:13:23.477157
EVT01117,Suspicious,Failed Login,55,-0.02563453707091612,High,IF_v2,2026-08-18T21:13:23.477157
EVT01118,Suspicious,Failed Login,45,-0.007130677086521486,High,IF_v2,2026-08-18T21:13:23.477157
EVT01119,Suspicious,Malware Detection,60,-0.030635828233698037,High,IF_v2,2026-08-18T21:13:23.477157
EVT01120,Suspicious,Failed Login,30,-0.0015423569720393049,High,IF_v2,2026-08-18T21:13:23.477157
EVT01121,Suspicious,Login Success,50,-0.01817680207474981,High,IF_v2,2026-08-18T21:13:23.477157
EVT01122,Suspicious,SQL Injection Attempt,35,-0.0060259429756672755,High,IF_v2,2026-08-18T21:13:23.477157
EVT01123,Normal,File Access,0,0.01340425848411586,Low,IF_v2,2026-08-18T21:13:23.477157
EVT01124,Normal,USB Device Connected,5,0.0028028071399964216,Low,IF_v2,2026-08-18T21:13:23.477157
EVT01125,Suspicious,Login Success,35,-0.003450918124359492,Medium,IF_v2,2026-08-18T21:13:23.477157
EVT01126,Normal,SQL Injection Attempt,15,0.012170820194543186,Low,IF_v2,2026-08-18T21:13:23.477157
EVT01127,Normal,Login Success,5,0.0015953315160857628,Low,IF_v2,2026-08-18T21:13:23.477157
EVT01128,Normal,USB Device Connected,5,0.0016828156697761276,Low,IF_v2,2026-08-18T21:13:23.477157
EVT01129,Suspicious,Brute Force,55,-0.03584159231797657,High,IF_v2,2026-08-18T21:13:23.477157
EVT01130,Suspicious,Malware Detection,60,-0.04166300608465312,High,IF_v2,2026-08-18T21:13:23.477157
EVT01131,Suspicious,Phishing Email,45,-0.018949402036179674,High,IF_v2,2026-08-18T21:13:23.477157
EVT01132,Suspicious,Malware Detection,55,-0.04484695864020827,High,IF_v2,2026-08-18T21:13:23.477157
EVT01133,Suspicious,Phishing Email,35,-0.01897896230939433,Medium,IF_v2,2026-08-18T21:13:23.477157
EVT01134,Suspicious,Phishing Email,35,-0.009881751676361183,Medium,IF_v2,2026-08-18T21:13:23.477157
EVT01135,Suspicious,Brute Force,40,-0.019968925241723667,High,IF_v2,2026-08-18T21:13:23.477157
EVT01136,Suspicious,Failed Login,30,-0.002674071460097238,High,IF_v2,2026-08-18T21:13:23.477157
EVT01137,Suspicious,USB Device Connected,30,-0.013496752768487719,Medium,IF_v2,2026-08-18T21:13:23.477157
EVT01138,Suspicious,Brute Force,30,-0.03857366105079729,High,IF_v2,2026-08-18T21:13:23.477157
EVT01139,Normal,Privilege Escalation,0,0.0089538975541964,Low,IF_v2,2026-08-18T21:13:23.477157
EVT01140,Suspicious,File Access,55,-0.019630491915211157,High,IF_v2,2026-08-18T21:13:23.477157
EVT01141,Suspicious,Failed Login,40,-0.007835870754779761,High,IF_v2,2026-08-18T21:13:23.477157
EVT01142,Suspicious,Port Scan,30,-0.005072985091425508,Medium,IF_v2,2026-08-18T21:13:23.477157
EVT01143,Suspicious,Phishing Email,55,-0.028523653308007102,High,IF_v2,2026-08-18T21:13:23.477157
EVT01144,Normal,SQL Injection Attempt,0,0.014373837549786384,Low,IF_v2,2026-08-18T21:13:23.477157
EVT01145,Normal,Privilege Escalation,0,0.012530283561475897,Low,IF_v2,2026-08-18T21:13:23.477157
EVT01146,Suspicious,Login Success,50,-0.009237800655573891,High,IF_v2,2026-08-18T21:13:23.477157
EVT01147,Suspicious,Malware Detection,60,-0.042952488202336436,High,IF_v2,2026-08-18T21:13:23.477157
EVT01148,Normal,Failed Login,15,0.0031343308451173835,Low,IF_v2,2026-08-18T21:13:23.477157
EVT01149,Suspicious,Privilege Escalation,55,-0.0170057257349977,High,IF_v2,2026-08-18T21:13:23.477157
EVT01150,Normal,File Access,0,0.015438593978879145,Low,IF_v2,2026-08-18T21:13:23.477157
EVT01151,Normal,Privilege Escalation,25,0.009273527345347365,Low,IF_v2,2026-08-18T21:13:23.477157
EVT01152,Suspicious,Port Scan,35,-0.018534712137795117,Medium,IF_v2,2026-08-18T21:13:23.477157
EVT01153,Suspicious,Phishing Email,35,-0.005361168633360225,Medium,IF_v2,2026-08-18T21:13:23.477157
EVT01154,Suspicious,Phishing Email,30,-0.015689224616537545,Medium,IF_v2,2026-08-18T21:13:23.477157
EVT01155,Normal,Privilege Escalation,5,0.021609664517078186,Low,IF_v2,2026-08-18T21:13:23.477157
EVT01156,Suspicious,Privilege Escalation,45,-0.02210421412867436,High,IF_v2,2026-08-18T21:13:23.477157
EVT01157,Suspicious,Phishing Email,35,-0.02056418401470661,Medium,IF_v2,2026-08-18T21:13:23.477157
EVT01158,Suspicious,Login Success,50,-0.02111617111716646,High,IF_v2,2026-08-18T21:13:23.477157
EVT01159,Suspicious,SQL Injection Attempt,35,-0.01184203566964992,High,IF_v2,2026-08-18T21:13:23.477157
EVT01160,Suspicious,Malware Detection,55,-0.03478975362689629,High,IF_v2,2026-08-18T21:13:23.477157
EVT01161,Normal,File Access,25,0.0033627826584207154,Low,IF_v2,2026-08-18T21:13:23.477157
EVT01162,Normal,Privilege Escalation,15,0.013749312434143846,Low,IF_v2,2026-08-18T21:13:23.477157
EVT01163,Suspicious,SQL Injection Attempt,45,-0.013031228997834043,High,IF_v2,2026-08-18T21:13:23.477157
EVT01164,Suspicious,Failed Login,45,-0.008396417472334883,High,IF_v2,2026-08-18T21:13:23.477157
EVT01165,Normal,File Access,0,0.005096525904185967,Low,IF_v2,2026-08-18T21:13:23.477157
EVT01166,Normal,Privilege Escalation,25,0.015235363380608435,Low,IF_v2,2026-08-18T21:13:23.477157
EVT01167,Suspicious,Login Success,50,-0.019893796679225972,High,IF_v2,2026-08-18T21:13:23.477157
EVT01168,Suspicious,Privilege Escalation,35,-0.016859720025000358,High,IF_v2,2026-08-18T21:13:23.477157
EVT01169,Suspicious,Phishing Email,30,-0.02172131974011937,Medium,IF_v2,2026-08-18T21:13:23.477157
EVT01170,Normal,Privilege Escalation,5,0.00914646297700028,Low,IF_v2,2026-08-18T21:13:23.477157
EVT01171,Normal,SQL Injection Attempt,5,0.004521402472039249,Low,IF_v2,2026-08-18T21:13:23.477157
EVT01172,Suspicious,SQL Injection Attempt,45,-0.0037231267204833607,High,IF_v2,2026-08-18T21:13:23.477157
EVT01173,Normal,USB Device Connected,0,0.00041695037203504093,Low,IF_v2,2026-08-18T21:13:23.477157
EVT01174,Normal,File Access,0,0.013011484691885511,Low,IF_v2,2026-08-18T21:13:23.477157
EVT01175,Suspicious,USB Device Connected,35,-0.011464547120234148,Medium,IF_v2,2026-08-18T21:13:23.477157
EVT01176,Suspicious,File Access,30,-0.013157028655555458,Medium,IF_v2,2026-08-18T21:13:23.477157
EVT01177,Normal,File Access,0,0.010695254774670815,Low,IF_v2,2026-08-18T21:13:23.477157
EVT01178,Suspicious,SQL Injection Attempt,35,-0.0011291731723493958,High,IF_v2,2026-08-18T21:13:23.477157
EVT01179,Suspicious,Login Success,65,-0.017011988027920144,High,IF_v2,2026-08-18T21:13:23.477157
EVT01180,Normal,Privilege Escalation,25,0.009467817562132275,Low,IF_v2,2026-08-18T21:13:23.477157
EVT01181,Suspicious,Login Success,50,-0.0016319668732829307,High,IF_v2,2026-08-18T21:13:23.477157
EVT01182,Suspicious,USB Device Connected,35,-0.000609582435408651,Medium,IF_v2,2026-08-18T21:13:23.477157
EVT01183,Suspicious,Privilege Escalation,30,-0.007247733419502356,High,IF_v2,2026-08-18T21:13:23.477157
EVT01184,Suspicious,Malware Detection,55,-0.021500953323682293,High,IF_v2,2026-08-18T21:13:23.477157
EVT01185,Suspicious,File Access,30,-0.003093022561434511,Medium,IF_v2,2026-08-18T21:13:23.477157
EVT01186,Suspicious,SQL Injection Attempt,45,-0.01824112298192615,High,IF_v2,2026-08-18T21:13:23.477157
EVT01187,Suspicious,Login Success,55,-0.010585316844538672,High,IF_v2,2026-08-18T21:13:23.477157
EVT01188,Suspicious,USB Device Connected,30,-0.0007546945679427486,Medium,IF_v2,2026-08-18T21:13:23.477157
EVT01189,Suspicious,Phishing Email,30,-0.004529068050118101,Medium,IF_v2,2026-08-18T21:13:23.477157
EVT01190,Suspicious,Failed Login,30,-0.004932692108655989,High,IF_v2,2026-08-18T21:13:23.477157
EVT01191,Suspicious,Port Scan,35,-0.006463679864466831,Medium,IF_v2,2026-08-18T21:13:23.477157
EVT01192,Normal,USB Device Connected,5,0.002692037868962993,Low,IF_v2,2026-08-18T21:13:23.477157
EVT01193,Normal,File Access,5,0.016119544460907687,Low,IF_v2,2026-08-18T21:13:23.477157
EVT01194,Suspicious,Phishing Email,45,-0.014241165696354363,High,IF_v2,2026-08-18T21:13:23.477157
EVT01195,Suspicious,Failed Login,30,-0.010388403871420149,High,IF_v2,2026-08-18T21:13:23.477157
EVT01196,Suspicious,Phishing Email,30,-0.017271727322624497,Medium,IF_v2,2026-08-18T21:13:23.477157
EVT01197,Suspicious,Login Success,40,-0.006701479957015977,Medium,IF_v2,2026-08-18T21:13:23.477157
EVT01198,Suspicious,Brute Force,45,-0.007399708069458333,High,IF_v2,2026-08-18T21:13:23.477157
EVT01199,Suspicious,Malware Detection,70,-0.049955495613964174,High,IF_v2,2026-08-18T21:13:23.477157
EVT01200,Normal,Login Success,35,0.0030499514605610845,Low,IF_v2,2026-08-18T21:13:23.477157
EVT01201,Suspicious,Privilege Escalation,30,-0.0031910432844308723,High,IF_v2,2026-08-18T21:13:23.477157
EVT01202,Normal,Phishing Email,0,0.0008593341006953303,Low,IF_v2,2026-08-18T21:13:23.477157
EVT01203,Suspicious,Malware Detection,60,-0.03214291300971195,High,IF_v2,2026-08-18T21:13:23.477157
EVT01204,Normal,File Access,0,0.007478972045805776,Low,IF_v2,2026-08-18T21:13:23.477157
EVT01205,Suspicious,Malware Detection,55,-0.05233997297938564,High,IF_v2,2026-08-18T21:13:23.477157
EVT01206,Normal,File Access,0,0.015332557693988946,Low,IF_v2,2026-08-18T21:13:23.477157
EVT01207,Normal,Failed Login,25,0.00513431992458413,Low,IF_v2,2026-08-18T21:13:23.477157
EVT01208,Suspicious,Failed Login,55,-0.017285372594723403,High,IF_v2,2026-08-18T21:13:23.477157
EVT01209,Normal,SQL Injection Attempt,15,0.0004074706930234373,Low,IF_v2,2026-08-18T21:13:23.477157
EVT01210,Suspicious,USB Device Connected,35,-0.004702512118785918,Medium,IF_v2,2026-08-18T21:13:23.477157
EVT01211,Normal,Port Scan,25,0.00045035390500230976,Low,IF_v2,2026-08-18T21:13:23.477157
EVT01212,Normal,Port Scan,5,0.006171575238866522,Low,IF_v2,2026-08-18T21:13:23.477157
EVT01213,Suspicious,Phishing Email,35,-0.006266201668417848,Medium,IF_v2,2026-08-18T21:13:23.477157
EVT01214,Suspicious,Login Success,55,-0.027478027898834356,High,IF_v2,2026-08-18T21:13:23.477157
EVT01215,Suspicious,Login Success,50,-0.001433109662209553,High,IF_v2,2026-08-18T21:13:23.477157
EVT01216,Suspicious,Brute Force,30,-0.041712244071525184,High,IF_v2,2026-08-18T21:13:23.477157
EVT01217,Suspicious,Failed Login,55,-0.00814379011873645,High,IF_v2,2026-08-18T21:13:23.477157
EVT01218,Suspicious,Login Success,40,-0.005786052470820091,Medium,IF_v2,2026-08-18T21:13:23.477157
EVT01219,Suspicious,Failed Login,30,-0.018551849726835767,High,IF_v2,2026-08-18T21:13:23.477157
EVT01220,Normal,SQL Injection Attempt,0,0.012549148157757428,Low,IF_v2,2026-08-18T21:13:23.477157
EVT01221,Suspicious,File Access,35,-0.011693764540416263,Medium,IF_v2,2026-08-18T21:13:23.477157
EVT01222,Suspicious,Malware Detection,60,-0.03706714409794776,High,IF_v2,2026-08-18T21:13:23.477157
EVT01223,Suspicious,File Access,35,-0.0013711317990898753,Medium,IF_v2,2026-08-18T21:13:23.477157
EVT01224,Suspicious,Login Success,65,-0.0047332255072635165,High,IF_v2,2026-08-18T21:13:23.477157
EVT01225,Suspicious,Malware Detection,55,-0.03192264704715031,High,IF_v2,2026-08-18T21:13:23.477157
EVT01226,Normal,SQL Injection Attempt,15,0.01108442738281512,Low,IF_v2,2026-08-18T21:13:23.477157
EVT01227,Suspicious,Login Success,50,-0.01226890246215473,High,IF_v2,2026-08-18T21:13:23.477157
EVT01228,Normal,Privilege Escalation,15,0.0016664007730338715,Low,IF_v2,2026-08-18T21:13:23.477157
EVT01229,Normal,Failed Login,25,0.0031158707973966138,Low,IF_v2,2026-08-18T21:13:23.477157
EVT01230,Normal,File Access,15,0.002107582337313063,Low,IF_v2,2026-08-18T21:13:23.477157
EVT01231,Suspicious,Phishing Email,30,-0.026143134027394543,Medium,IF_v2,2026-08-18T21:13:23.477157
EVT01232,Normal,File Access,5,0.0008240694593143472,Low,IF_v2,2026-08-18T21:13:23.477157
EVT01233,Suspicious,Malware Detection,55,-0.06741410164841932,High,IF_v2,2026-08-18T21:13:23.477157
EVT01234,Suspicious,USB Device Connected,35,-0.006440077332069749,Medium,IF_v2,2026-08-18T21:13:23.477157
EVT01235,Suspicious,File Access,45,-0.002453044236817359,High,IF_v2,2026-08-18T21:13:23.477157
EVT01236,Suspicious,Login Success,50,-0.009450425881809443,High,IF_v2,2026-08-18T21:13:23.477157
EVT01237,Suspicious,Malware Detection,60,-0.03287541585117015,High,IF_v2,2026-08-18T21:13:23.477157
EVT01238,Suspicious,Malware Detection,70,-0.057635127939685615,High,IF_v2,2026-08-18T21:13:23.477157
EVT01239,Suspicious,Privilege Escalation,35,-0.010122343601455142,High,IF_v2,2026-08-18T21:13:23.477157
EVT01240,Suspicious,File Access,55,-0.011814624317856737,High,IF_v2,2026-08-18T21:13:23.477157
EVT01241,Suspicious,Brute Force,30,-0.020451394358610098,High,IF_v2,2026-08-18T21:13:23.477157
EVT01242,Suspicious,Failed Login,55,-0.014599546781232986,High,IF_v2,2026-08-18T21:13:23.477157
EVT01243,Suspicious,USB Device Connected,45,-0.002376007564325988,High,IF_v2,2026-08-18T21:13:23.477157
EVT01244,Suspicious,Malware Detection,55,-0.04874634893865604,High,IF_v2,2026-08-18T21:13:23.477157
EVT01245,Normal,USB Device Connected,5,0.008780307571037094,Low,IF_v2,2026-08-18T21:13:23.477157
EVT01246,Suspicious,Privilege Escalation,55,-0.00022480999992102735,High,IF_v2,2026-08-18T21:13:23.477157
EVT01247,Normal,Privilege Escalation,25,0.0004335201144879952,Low,IF_v2,2026-08-18T21:13:23.477157
EVT01248,Suspicious,Malware Detection,70,-0.03344197760591494,High,IF_v2,2026-08-18T21:13:23.477157
EVT01249,Suspicious,USB Device Connected,35,-0.007705666608754824,Medium,IF_v2,2026-08-18T21:13:23.477157
EVT01250,Suspicious,Login Success,50,-0.011603533849413483,High,IF_v2,2026-08-18T21:13:23.477157
EVT01251,Suspicious,Phishing Email,30,-0.013046788395232323,Medium,IF_v2,2026-08-18T21:13:23.477157
EVT01252,Normal,File Access,0,0.001793666644016978,Low,IF_v2,2026-08-18T21:13:23.477157
EVT01253,Suspicious,Brute Force,50,-0.025061200974365927,High,IF_v2,2026-08-18T21:13:23.477157
EVT01254,Suspicious,SQL Injection Attempt,45,-0.007806431644238776,High,IF_v2,2026-08-18T21:13:23.477157
EVT01255,Normal,Privilege Escalation,5,0.0063126009043728,Low,IF_v2,2026-08-18T21:13:23.477157
EVT01256,Suspicious,File Access,55,-0.006421393555954058,High,IF_v2,2026-08-18T21:13:23.477157
EVT01257,Suspicious,SQL Injection Attempt,35,-0.0065803206610857146,High,IF_v2,2026-08-18T21:13:23.477157
EVT01258,Suspicious,SQL Injection Attempt,35,-0.013813296238302297,High,IF_v2,2026-08-18T21:13:23.477157
EVT01259,Suspicious,Port Scan,55,-0.009831531242262215,High,IF_v2,2026-08-18T21:13:23.477157
EVT01260,Suspicious,Brute Force,75,-0.033078707206135594,High,IF_v2,2026-08-18T21:13:23.477157
EVT01261,Suspicious,Failed Login,35,-0.00011717207275285801,High,IF_v2,2026-08-18T21:13:23.477157
EVT01262,Suspicious,Privilege Escalation,30,-0.020323278430418257,High,IF_v2,2026-08-18T21:13:23.477157
EVT01263,Normal,Failed Login,15,0.005607006219029487,Low,IF_v2,2026-08-18T21:13:23.477157
EVT01264,Normal,Login Success,25,0.00027553473484048796,Low,IF_v2,2026-08-18T21:13:23.477157
EVT01265,Suspicious,Phishing Email,45,-0.03337116269796869,High,IF_v2,2026-08-18T21:13:23.477157
EVT01266,Suspicious,Phishing Email,35,-0.010238363057266442,Medium,IF_v2,2026-08-18T21:13:23.477157
EVT01267,Suspicious,File Access,45,-0.004550428300007514,High,IF_v2,2026-08-18T21:13:23.477157
EVT01268,Suspicious,Brute Force,55,-0.017670448705302988,High,IF_v2,2026-08-18T21:13:23.477157
EVT01269,Suspicious,Failed Login,55,-0.015979298697014532,High,IF_v2,2026-08-18T21:13:23.477157
EVT01270,Suspicious,USB Device Connected,30,-0.018287982076252263,Medium,IF_v2,2026-08-18T21:13:23.477157
EVT01271,Normal,Privilege Escalation,5,0.011829714719330753,Low,IF_v2,2026-08-18T21:13:23.477157
EVT01272,Suspicious,Phishing Email,30,-0.015825656116329356,Medium,IF_v2,2026-08-18T21:13:23.477157
EVT01273,Suspicious,Malware Detection,55,-0.03727619602514476,High,IF_v2,2026-08-18T21:13:23.477157
EVT01274,Suspicious,Port Scan,35,-0.008899646460714061,Medium,IF_v2,2026-08-18T21:13:23.477157
EVT01275,Normal,Privilege Escalation,5,0.021767101158315816,Low,IF_v2,2026-08-18T21:13:23.477157
EVT01276,Suspicious,Phishing Email,55,-0.011148656077640928,High,IF_v2,2026-08-18T21:13:23.477157
EVT01277,Normal,SQL Injection Attempt,25,0.01080352142776353,Low,IF_v2,2026-08-18T21:13:23.477157
EVT01278,Suspicious,File Access,55,-0.019828168035104343,High,IF_v2,2026-08-18T21:13:23.477157
EVT01279,Normal,File Access,5,0.021279636823861137,Low,IF_v2,2026-08-18T21:13:23.477157
EVT01280,Suspicious,Port Scan,30,-0.007689698031566494,Medium,IF_v2,2026-08-18T21:13:23.477157
EVT01281,Suspicious,Malware Detection,55,-0.04993892951399315,High,IF_v2,2026-08-18T21:13:23.477157
EVT01282,Suspicious,SQL Injection Attempt,45,-0.01731296892504497,High,IF_v2,2026-08-18T21:13:23.477157
EVT01283,Normal,Privilege Escalation,5,0.02131310781275947,Low,IF_v2,2026-08-18T21:13:23.477157
EVT01284,Suspicious,Brute Force,55,-0.06488852585694693,High,IF_v2,2026-08-18T21:13:23.477157
EVT01285,Suspicious,Port Scan,30,-0.0002818354116483901,Medium,IF_v2,2026-08-18T21:13:23.477157
EVT01286,Suspicious,Port Scan,30,-0.011000009963670565,Medium,IF_v2,2026-08-18T21:13:23.477157
EVT01287,Suspicious,Failed Login,35,-0.006897195629625874,High,IF_v2,2026-08-18T21:13:23.477157
EVT01288,Suspicious,SQL Injection Attempt,55,-0.0077359211649696835,High,IF_v2,2026-08-18T21:13:23.477157
EVT01289,Suspicious,Brute Force,50,-0.024595384435484258,High,IF_v2,2026-08-18T21:13:23.477157
EVT01290,Suspicious,Failed Login,30,-0.0008152401544674337,High,IF_v2,2026-08-18T21:13:23.477157
EVT01291,Suspicious,Phishing Email,35,-0.00940631362273181,Medium,IF_v2,2026-08-18T21:13:23.477157
EVT01292,Normal,Privilege Escalation,15,0.010446259649361911,Low,IF_v2,2026-08-18T21:13:23.477157
EVT01293,Normal,Port Scan,5,0.00294101169547778,Low,IF_v2,2026-08-18T21:13:23.477157
EVT01294,Suspicious,USB Device Connected,30,-0.013395209852526069,Medium,IF_v2,2026-08-18T21:13:23.477157
EVT01295,Suspicious,Failed Login,50,-0.020033002432039315,High,IF_v2,2026-08-18T21:13:23.477157
EVT01296,Suspicious,SQL Injection Attempt,30,-0.0025880012324438484,High,IF_v2,2026-08-18T21:13:23.477157
EVT01297,Suspicious,Malware Detection,60,-0.026091960165443906,High,IF_v2,2026-08-18T21:13:23.477157
EVT01298,Normal,Privilege Escalation,0,0.012109544649271164,Low,IF_v2,2026-08-18T21:13:23.477157
EVT01299,Suspicious,USB Device Connected,55,-0.0016045514590897758,High,IF_v2,2026-08-18T21:13:23.477157
EVT01300,Suspicious,Login Success,50,-0.016646786679887615,High,IF_v2,2026-08-18T21:13:23.477157
EVT01301,Suspicious,Failed Login,65,-0.008520710072121407,High,IF_v2,2026-08-18T21:13:23.477157
EVT01302,Suspicious,Port Scan,35,-0.002879967698806607,Medium,IF_v2,2026-08-18T21:13:23.477157
EVT01303,Normal,Privilege Escalation,0,0.001491022474794712,Low,IF_v2,2026-08-18T21:13:23.477157
EVT01304,Suspicious,SQL Injection Attempt,35,-0.010467231798207743,High,IF_v2,2026-08-18T21:13:23.477157
EVT01305,Suspicious,SQL Injection Attempt,30,-0.01429368368710171,High,IF_v2,2026-08-18T21:13:23.477157
EVT01306,Normal,USB Device Connected,0,0.011058368629774884,Low,IF_v2,2026-08-18T21:13:23.477157
EVT01307,Normal,Privilege Escalation,0,0.005578823068429384,Low,IF_v2,2026-08-18T21:13:23.477157
EVT01308,Normal,USB Device Connected,5,0.007929676050130008,Low,IF_v2,2026-08-18T21:13:23.477157
EVT01309,Normal,USB Device Connected,5,0.005940087765495039,Low,IF_v2,2026-08-18T21:13:23.477157
EVT01310,Suspicious,File Access,30,-0.013577163869399111,Medium,IF_v2,2026-08-18T21:13:23.477157
EVT01311,Suspicious,Port Scan,30,-0.012227285460646553,Medium,IF_v2,2026-08-18T21:13:23.477157
EVT01312,Suspicious,USB Device Connected,30,-0.007396179423589722,Medium,IF_v2,2026-08-18T21:13:23.477157
EVT01313,Suspicious,Brute Force,65,-0.04803724844411117,High,IF_v2,2026-08-18T21:13:23.477157
EVT01314,Suspicious,Malware Detection,70,-0.06458773456943911,High,IF_v2,2026-08-18T21:13:23.477157
EVT01315,Suspicious,Brute Force,50,-0.006887316225303253,High,IF_v2,2026-08-18T21:13:23.477157
EVT01316,Suspicious,Privilege Escalation,35,-0.0014805958180682532,High,IF_v2,2026-08-18T21:13:23.477157
EVT01317,Suspicious,Malware Detection,80,-0.05725134294509937,Critical,IF_v2,2026-08-18T21:13:23.477157
EVT01318,Suspicious,Malware Detection,55,-0.037218086719544186,High,IF_v2,2026-08-18T21:13:23.477157
EVT01319,Normal,SQL Injection Attempt,25,0.0004135406602642222,Low,IF_v2,2026-08-18T21:13:23.477157
EVT01320,Normal,Privilege Escalation,5,0.010413796167690725,Low,IF_v2,2026-08-18T21:13:23.477157
EVT01321,Suspicious,Malware Detection,55,-0.028553036471713145,High,IF_v2,2026-08-18T21:13:23.477157
EVT01322,Suspicious,Login Success,35,-0.004664228563679429,Medium,IF_v2,2026-08-18T21:13:23.477157
EVT01323,Suspicious,Brute Force,50,-0.04577093918895081,High,IF_v2,2026-08-18T21:13:23.477157
EVT01324,Normal,USB Device Connected,5,0.0028870558030089644,Low,IF_v2,2026-08-18T21:13:23.477157
EVT01325,Suspicious,Phishing Email,30,-0.009327478874084805,Medium,IF_v2,2026-08-18T21:13:23.477157
EVT01326,Normal,Privilege Escalation,5,0.009642465325726823,Low,IF_v2,2026-08-18T21:13:23.477157
EVT01327,Normal,Privilege Escalation,5,0.010696790837904147,Low,IF_v2,2026-08-18T21:13:23.477157
EVT01328,Suspicious,Failed Login,35,-0.0004424506614794099,High,IF_v2,2026-08-18T21:13:23.477157
EVT01329,Suspicious,File Access,30,-0.007600801991549111,Medium,IF_v2,2026-08-18T21:13:23.477157
EVT01330,Suspicious,Port Scan,30,-0.018456696507826775,Medium,IF_v2,2026-08-18T21:13:23.477157
EVT01331,Normal,SQL Injection Attempt,15,0.01694920639291403,Low,IF_v2,2026-08-18T21:13:23.477157
EVT01332,Suspicious,Privilege Escalation,35,-0.0005706941845234903,High,IF_v2,2026-08-18T21:13:23.477157
EVT01333,Normal,SQL Injection Attempt,5,0.022756683468155237,Low,IF_v2,2026-08-18T21:13:23.477157
EVT01334,Suspicious,Malware Detection,60,-0.03715364057109494,High,IF_v2,2026-08-18T21:13:23.477157
EVT01335,Normal,Port Scan,5,0.006020908550185,Low,IF_v2,2026-08-18T21:13:23.477157
EVT01336,Normal,File Access,5,0.012650024309991681,Low,IF_v2,2026-08-18T21:13:23.477157
EVT01337,Suspicious,Phishing Email,30,-0.00789049247485385,Medium,IF_v2,2026-08-18T21:13:23.477157
EVT01338,Suspicious,Login Success,45,-0.00390802146616076,Medium,IF_v2,2026-08-18T21:13:23.477157
EVT01339,Suspicious,Brute Force,55,-0.012263003880986334,High,IF_v2,2026-08-18T21:13:23.477157
EVT01340,Suspicious,Port Scan,30,-0.0077295250976421315,Medium,IF_v2,2026-08-18T21:13:23.477157
EVT01341,Normal,Login Success,10,0.0009745075117390534,Low,IF_v2,2026-08-18T21:13:23.477157
EVT01342,Suspicious,Malware Detection,80,-0.04078827952120345,Critical,IF_v2,2026-08-18T21:13:23.477157
EVT01343,Normal,Login Success,10,0.0017680680463627585,Low,IF_v2,2026-08-18T21:13:23.477157
EVT01344,Suspicious,Phishing Email,30,-0.01781507831420781,Medium,IF_v2,2026-08-18T21:13:23.477157
EVT01345,Suspicious,Port Scan,45,-0.0189347340291407,High,IF_v2,2026-08-18T21:13:23.477157
EVT01346,Suspicious,Malware Detection,80,-0.040390803536270226,Critical,IF_v2,2026-08-18T21:13:23.477157
EVT01347,Normal,Failed Login,25,0.007668898193674389,Low,IF_v2,2026-08-18T21:13:23.477157
EVT01348,Normal,Privilege Escalation,0,0.004809514189718811,Low,IF_v2,2026-08-18T21:13:23.477157
EVT01349,Suspicious,File Access,45,-0.01484379655928314,High,IF_v2,2026-08-18T21:13:23.477157
EVT01350,Suspicious,Privilege Escalation,35,-0.0018173223862391064,High,IF_v2,2026-08-18T21:13:23.477157
EVT01351,Normal,USB Device Connected,5,0.004206955883383157,Low,IF_v2,2026-08-18T21:13:23.477157
EVT01352,Suspicious,Malware Detection,70,-0.029194716635804308,High,IF_v2,2026-08-18T21:13:23.477157
EVT01353,Suspicious,Port Scan,45,-0.007741654796586506,High,IF_v2,2026-08-18T21:13:23.477157
EVT01354,Suspicious,Login Success,55,-0.011369771943044005,High,IF_v2,2026-08-18T21:13:23.477157
EVT01355,Suspicious,USB Device Connected,35,-0.003647552121476494,Medium,IF_v2,2026-08-18T21:13:23.477157
EVT01356,Suspicious,USB Device Connected,35,-0.014968132488182184,Medium,IF_v2,2026-08-18T21:13:23.477157
EVT01357,Normal,Privilege Escalation,0,0.0005670608767034957,Low,IF_v2,2026-08-18T21:13:23.477157
EVT01358,Suspicious,File Access,35,-0.00010045200216257655,Medium,IF_v2,2026-08-18T21:13:23.477157
EVT01359,Suspicious,Login Success,50,-0.015309230218994774,High,IF_v2,2026-08-18T21:13:23.477157
EVT01360,Normal,Login Success,10,0.009461002978522925,Low,IF_v2,2026-08-18T21:13:23.477157
EVT01361,Normal,SQL Injection Attempt,0,0.018796146415203385,Low,IF_v2,2026-08-18T21:13:23.477157
EVT01362,Suspicious,Port Scan,30,-0.008416510755640094,Medium,IF_v2,2026-08-18T21:13:23.477157
EVT01363,Normal,File Access,5,0.00366531384879365,Low,IF_v2,2026-08-18T21:13:23.477157
EVT01364,Suspicious,Brute Force,50,-0.014509312944718133,High,IF_v2,2026-08-18T21:13:23.477157
EVT01365,Normal,USB Device Connected,5,0.0004969503419907095,Low,IF_v2,2026-08-18T21:13:23.477157
EVT01366,Suspicious,Phishing Email,55,-0.014420492039416533,High,IF_v2,2026-08-18T21:13:23.477157
EVT01367,Suspicious,Login Success,65,-0.02974419322624644,High,IF_v2,2026-08-18T21:13:23.477157
EVT01368,Suspicious,USB Device Connected,30,-0.0052717367587868935,Medium,IF_v2,2026-08-18T21:13:23.477157
EVT01369,Suspicious,Login Success,75,-0.020352393986359796,High,IF_v2,2026-08-18T21:13:23.477157
EVT01370,Suspicious,Phishing Email,35,-0.011727505953339268,Medium,IF_v2,2026-08-18T21:13:23.477157
EVT01371,Suspicious,SQL Injection Attempt,35,-0.0013428444730336775,High,IF_v2,2026-08-18T21:13:23.477157
EVT01372,Suspicious,Privilege Escalation,55,-0.008021570129621347,High,IF_v2,2026-08-18T21:13:23.477157
EVT01373,Suspicious,Phishing Email,30,-0.004362459362931559,Medium,IF_v2,2026-08-18T21:13:23.477157
EVT01374,Normal,USB Device Connected,5,0.00015759150007826905,Low,IF_v2,2026-08-18T21:13:23.477157
EVT01375,Suspicious,Port Scan,30,-0.004039105395507336,Medium,IF_v2,2026-08-18T21:13:23.477157
EVT01376,Suspicious,Privilege Escalation,30,-0.014529609371211394,High,IF_v2,2026-08-18T21:13:23.477157
EVT01377,Suspicious,File Access,45,-0.002286103207349899,High,IF_v2,2026-08-18T21:13:23.477157
EVT01378,Suspicious,Login Success,65,-0.020796873984269215,High,IF_v2,2026-08-18T21:13:23.477157
EVT01379,Normal,Login Success,25,0.001145001299304893,Low,IF_v2,2026-08-18T21:13:23.477157
EVT01380,Normal,Privilege Escalation,5,0.01720566380883598,Low,IF_v2,2026-08-18T21:13:23.477157
EVT01381,Suspicious,Port Scan,55,-0.01825788403762707,High,IF_v2,2026-08-18T21:13:23.477157
EVT01382,Suspicious,USB Device Connected,55,-0.0043208724637771034,High,IF_v2,2026-08-18T21:13:23.477157
EVT01383,Suspicious,Port Scan,55,-0.019963872169909136,High,IF_v2,2026-08-18T21:13:23.477157
EVT01384,Suspicious,Brute Force,75,-0.04328912261348039,High,IF_v2,2026-08-18T21:13:23.477157
EVT01385,Suspicious,Malware Detection,55,-0.04778331718133033,High,IF_v2,2026-08-18T21:13:23.477157
EVT01386,Suspicious,Brute Force,55,-0.005113433369519305,High,IF_v2,2026-08-18T21:13:23.477157
EVT01387,Suspicious,Failed Login,65,-0.012807120644788839,High,IF_v2,2026-08-18T21:13:23.477157
EVT01388,Suspicious,Brute Force,65,-0.055541923204807664,High,IF_v2,2026-08-18T21:13:23.477157
EVT01389,Suspicious,USB Device Connected,35,-0.012329878433318675,Medium,IF_v2,2026-08-18T21:13:23.477157
EVT01390,Suspicious,Port Scan,30,-0.023327679670853696,Medium,IF_v2,2026-08-18T21:13:23.477157
EVT01391,Normal,Port Scan,0,0.00023074976743675535,Low,IF_v2,2026-08-18T21:13:23.477157
EVT01392,Suspicious,Malware Detection,60,-0.04279145146049601,High,IF_v2,2026-08-18T21:13:23.477157
EVT01393,Normal,File Access,0,0.013065037341380092,Low,IF_v2,2026-08-18T21:13:23.477157
EVT01394,Suspicious,Login Success,55,-0.008408364055153217,High,IF_v2,2026-08-18T21:13:23.477157
EVT01395,Suspicious,SQL Injection Attempt,35,-0.002092498094511619,High,IF_v2,2026-08-18T21:13:23.477157
EVT01396,Suspicious,SQL Injection Attempt,30,-0.018112733572637763,High,IF_v2,2026-08-18T21:13:23.477157
EVT01397,Suspicious,Privilege Escalation,30,-0.008980583631264749,High,IF_v2,2026-08-18T21:13:23.477157
EVT01398,Suspicious,Phishing Email,55,-0.03550760413162979,High,IF_v2,2026-08-18T21:13:23.477157
EVT01399,Suspicious,File Access,30,-0.005118021387660043,Medium,IF_v2,2026-08-18T21:13:23.477157
EVT01400,Normal,File Access,5,0.013420340947369658,Low,IF_v2,2026-08-18T21:13:23.477157
EVT01401,Suspicious,Login Success,45,-0.004182541292469866,High,IF_v2,2026-08-18T21:13:23.477157
EVT01402,Suspicious,Port Scan,30,-0.015266322967113832,Medium,IF_v2,2026-08-18T21:13:23.477157
EVT01403,Suspicious,Phishing Email,55,-0.022328895360069434,High,IF_v2,2026-08-18T21:13:23.477157
EVT01404,Normal,USB Device Connected,0,0.0003214317713790549,Low,IF_v2,2026-08-18T21:13:23.477157
EVT01405,Suspicious,Brute Force,55,-0.04096294247864418,High,IF_v2,2026-08-18T21:13:23.477157
EVT01406,Suspicious,USB Device Connected,55,-0.019882713312474043,High,IF_v2,2026-08-18T21:13:23.477157
EVT01407,Suspicious,SQL Injection Attempt,35,-0.014122744225656514,High,IF_v2,2026-08-18T21:13:23.477157
EVT01408,Suspicious,Phishing Email,30,-0.02180239890011093,Medium,IF_v2,2026-08-18T21:13:23.477157
EVT01409,Normal,File Access,15,0.01857888532736629,Low,IF_v2,2026-08-18T21:13:23.477157
EVT01410,Suspicious,Malware Detection,70,-0.05008369815810143,High,IF_v2,2026-08-18T21:13:23.477157
EVT01411,Normal,USB Device Connected,15,0.005175504752658933,Low,IF_v2,2026-08-18T21:13:23.477157
EVT01412,Suspicious,Login Success,65,-0.005416018846870707,High,IF_v2,2026-08-18T21:13:23.477157
EVT01413,Suspicious,USB Device Connected,45,-0.014695859780039289,High,IF_v2,2026-08-18T21:13:23.477157
EVT01414,Suspicious,SQL Injection Attempt,30,-0.011399717604548387,High,IF_v2,2026-08-18T21:13:23.477157
EVT01415,Suspicious,Malware Detection,60,-0.04406733945857111,High,IF_v2,2026-08-18T21:13:23.477157
EVT01416,Normal,Failed Login,5,0.009711218428388235,Low,IF_v2,2026-08-18T21:13:23.477157
EVT01417,Suspicious,Login Success,50,-0.012496396226396422,High,IF_v2,2026-08-18T21:13:23.477157
EVT01418,Suspicious,Malware Detection,70,-0.04634811214260215,High,IF_v2,2026-08-18T21:13:23.477157
EVT01419,Suspicious,SQL Injection Attempt,55,-0.020197255483506593,High,IF_v2,2026-08-18T21:13:23.477157
EVT01420,Normal,SQL Injection Attempt,15,0.004304586088343942,Low,IF_v2,2026-08-18T21:13:23.477157
EVT01421,Suspicious,Phishing Email,30,-0.01778411512288025,Medium,IF_v2,2026-08-18T21:13:23.477157
EVT01422,Suspicious,Failed Login,30,-0.0026323993062586926,High,IF_v2,2026-08-18T21:13:23.477157
EVT01423,Suspicious,Phishing Email,35,-0.00836407866369171,Medium,IF_v2,2026-08-18T21:13:23.477157
EVT01424,Suspicious,SQL Injection Attempt,35,-0.0006310977359762493,High,IF_v2,2026-08-18T21:13:23.477157
EVT01425,Normal,Failed Login,25,0.0015780263751403178,Low,IF_v2,2026-08-18T21:13:23.477157
EVT01426,Normal,Port Scan,0,0.004594566161058911,Low,IF_v2,2026-08-18T21:13:23.477157
EVT01427,Suspicious,Brute Force,55,-0.04030996924295294,High,IF_v2,2026-08-18T21:13:23.477157
EVT01428,Suspicious,Brute Force,55,-0.023247891674286314,High,IF_v2,2026-08-18T21:13:23.477157
EVT01429,Normal,Failed Login,0,0.002382769445166133,Low,IF_v2,2026-08-18T21:13:23.477157
EVT01430,Normal,Port Scan,15,0.008790957809202526,Low,IF_v2,2026-08-18T21:13:23.477157
EVT01431,Suspicious,Failed Login,50,-0.018688786424063686,High,IF_v2,2026-08-18T21:13:23.477157
EVT01432,Normal,File Access,5,0.007322858909413699,Low,IF_v2,2026-08-18T21:13:23.477157
EVT01433,Suspicious,Port Scan,55,-0.010116195608277478,High,IF_v2,2026-08-18T21:13:23.477157
EVT01434,Suspicious,Brute Force,75,-0.010451530016243105,High,IF_v2,2026-08-18T21:13:23.477157
EVT01435,Suspicious,Login Success,55,-0.010992819441560164,High,IF_v2,2026-08-18T21:13:23.477157
EVT01436,Suspicious,Brute Force,40,-0.056431142449591576,High,IF_v2,2026-08-18T21:13:23.477157
EVT01437,Normal,SQL Injection Attempt,15,0.0022267569925133457,Low,IF_v2,2026-08-18T21:13:23.477157
EVT01438,Normal,Failed Login,25,0.0010886219054421775,Low,IF_v2,2026-08-18T21:13:23.477157
EVT01439,Suspicious,Privilege Escalation,35,-0.010772877116136392,High,IF_v2,2026-08-18T21:13:23.477157
EVT01440,Suspicious,Brute Force,40,-0.04800834660654296,High,IF_v2,2026-08-18T21:13:23.477157
EVT01441,Suspicious,File Access,45,-0.00016698521319336024,High,IF_v2,2026-08-18T21:13:23.477157
EVT01442,Suspicious,File Access,55,-0.008390652874797011,High,IF_v2,2026-08-18T21:13:23.477157
EVT01443,Normal,Port Scan,5,0.004764081957402855,Low,IF_v2,2026-08-18T21:13:23.477157
EVT01444,Suspicious,Phishing Email,35,-0.028666218309216673,Medium,IF_v2,2026-08-18T21:13:23.477157
EVT01445,Normal,Privilege Escalation,25,0.009177752111944826,Low,IF_v2,2026-08-18T21:13:23.477157
EVT01446,Normal,Phishing Email,15,3.8619221131408477e-05,Low,IF_v2,2026-08-18T21:13:23.477157
EVT01447,Normal,Failed Login,0,0.010560392391416429,Low,IF_v2,2026-08-18T21:13:23.477157
EVT01448,Suspicious,File Access,35,-0.0004093885646383466,Medium,IF_v2,2026-08-18T21:13:23.477157
EVT01449,Normal,Phishing Email,15,0.005699153045852001,Low,IF_v2,2026-08-18T21:13:23.477157
EVT01450,Suspicious,File Access,30,-0.01108655579967277,Medium,IF_v2,2026-08-18T21:13:23.477157
EVT01451,Normal,USB Device Connected,15,0.0016602589899014086,Low,IF_v2,2026-08-18T21:13:23.477157
EVT01452,Suspicious,SQL Injection Attempt,55,-0.023683135929349453,High,IF_v2,2026-08-18T21:13:23.477157
EVT01453,Suspicious,Privilege Escalation,35,-0.0018806528671270195,High,IF_v2,2026-08-18T21:13:23.477157
EVT01454,Suspicious,USB Device Connected,35,-0.007059625310356199,Medium,IF_v2,2026-08-18T21:13:23.477157
EVT01455,Suspicious,File Access,30,-0.010843043576939215,Medium,IF_v2,2026-08-18T21:13:23.477157
EVT01456,Normal,Privilege Escalation,0,0.01917056515719029,Low,IF_v2,2026-08-18T21:13:23.477157
EVT01457,Suspicious,Login Success,50,-0.006013626942114492,High,IF_v2,2026-08-18T21:13:23.477157
EVT01458,Suspicious,Privilege Escalation,30,-0.008831268951013826,High,IF_v2,2026-08-18T21:13:23.477157
EVT01459,Normal,File Access,0,0.006042952867889417,Low,IF_v2,2026-08-18T21:13:23.477157
EVT01460,Suspicious,Brute Force,50,-0.06029405290791656,High,IF_v2,2026-08-18T21:13:23.477157
EVT01461,Suspicious,Failed Login,65,-0.0032288157969072584,High,IF_v2,2026-08-18T21:13:23.477157
EVT01462,Suspicious,Port Scan,35,-0.011500875656252907,Medium,IF_v2,2026-08-18T21:13:23.477157
EVT01463,Suspicious,SQL Injection Attempt,45,-0.007940171838147214,High,IF_v2,2026-08-18T21:13:23.477157
EVT01464,Normal,File Access,15,0.004224014745066673,Low,IF_v2,2026-08-18T21:13:23.477157
EVT01465,Suspicious,Port Scan,55,-0.025944540105087843,High,IF_v2,2026-08-18T21:13:23.477157
EVT01466,Suspicious,USB Device Connected,30,-0.005979832472416957,Medium,IF_v2,2026-08-18T21:13:23.477157
EVT01467,Suspicious,Brute Force,30,-0.06186514773171403,High,IF_v2,2026-08-18T21:13:23.477157
EVT01468,Suspicious,Failed Login,50,-0.0027890232754219646,High,IF_v2,2026-08-18T21:13:23.477157
EVT01469,Suspicious,Failed Login,55,-9.481232244434867e-05,High,IF_v2,2026-08-18T21:13:23.477157
EVT01470,Suspicious,Port Scan,30,-0.018557902482183253,Medium,IF_v2,2026-08-18T21:13:23.477157
EVT01471,Suspicious,Failed Login,55,-0.024147794361856323,High,IF_v2,2026-08-18T21:13:23.477157
EVT01472,Suspicious,Brute Force,55,-0.011599885663889031,High,IF_v2,2026-08-18T21:13:23.477157
EVT01473,Normal,File Access,15,0.008147576324483596,Low,IF_v2,2026-08-18T21:13:23.477157
EVT01474,Normal,File Access,15,0.0063511008642983535,Low,IF_v2,2026-08-18T21:13:23.477157
EVT01475,Suspicious,Failed Login,30,-0.016303975858892206,High,IF_v2,2026-08-18T21:13:23.477157
EVT01476,Suspicious,Phishing Email,45,-0.018391819140724186,High,IF_v2,2026-08-18T21:13:23.477157
EVT01477,Suspicious,Malware Detection,55,-0.031911002515205955,High,IF_v2,2026-08-18T21:13:23.477157
EVT01478,Suspicious,Failed Login,30,-0.006724623763449178,High,IF_v2,2026-08-18T21:13:23.477157
EVT01479,Normal,Privilege Escalation,0,0.012831514905031205,Low,IF_v2,2026-08-18T21:13:23.477157
EVT01480,Suspicious,Port Scan,30,-0.012080407443298413,Medium,IF_v2,2026-08-18T21:13:23.477157
EVT01481,Normal,File Access,0,0.008999698904659903,Low,IF_v2,2026-08-18T21:13:23.477157
EVT01482,Normal,Login Success,15,0.010969883883547304,Low,IF_v2,2026-08-18T21:13:23.477157
EVT01483,Suspicious,Port Scan,35,-0.010909977216249422,Medium,IF_v2,2026-08-18T21:13:23.477157
EVT01484,Suspicious,SQL Injection Attempt,45,-0.030037576845843517,High,IF_v2,2026-08-18T21:13:23.477157
EVT01485,Suspicious,Privilege Escalation,45,-0.0034748596044101854,High,IF_v2,2026-08-18T21:13:23.477157
EVT01486,Suspicious,File Access,30,-0.010587726287286547,Medium,IF_v2,2026-08-18T21:13:23.477157
EVT01487,Normal,SQL Injection Attempt,5,0.00959388897142116,Low,IF_v2,2026-08-18T21:13:23.477157
EVT01488,Suspicious,SQL Injection Attempt,30,-0.017091314234207622,High,IF_v2,2026-08-18T21:13:23.477157
EVT01489,Suspicious,Malware Detection,55,-0.04630632621906294,High,IF_v2,2026-08-18T21:13:23.477157
EVT01490,Normal,Failed Login,15,0.009671159925197292,Low,IF_v2,2026-08-18T21:13:23.477157
EVT01491,Normal,File Access,5,0.004146208549680008,Low,IF_v2,2026-08-18T21:13:23.477157
EVT01492,Normal,SQL Injection Attempt,15,0.0013244314919809708,Low,IF_v2,2026-08-18T21:13:23.477157
EVT01493,Suspicious,Login Success,30,-0.014194312027045575,Medium,IF_v2,2026-08-18T21:13:23.477157
EVT01494,Suspicious,Phishing Email,30,-0.019704814993984465,Medium,IF_v2,2026-08-18T21:13:23.477157
EVT01495,Suspicious,Malware Detection,55,-0.031680142739267225,High,IF_v2,2026-08-18T21:13:23.477157
EVT01496,Normal,File Access,15,0.0012620430461374732,Low,IF_v2,2026-08-18T21:13:23.477157
EVT01497,Suspicious,Malware Detection,55,-0.012404801007796729,High,IF_v2,2026-08-18T21:13:23.477157
EVT01498,Suspicious,SQL Injection Attempt,45,-0.004572464403796994,High,IF_v2,2026-08-18T21:13:23.477157
EVT01499,Suspicious,Login Success,55,-0.005513788333645575,High,IF_v2,2026-08-18T21:13:23.477157
EVT01500,Suspicious,SQL Injection Attempt,30,-0.0004288555186933163,High,IF_v2,2026-08-18T21:13:23.477157
EVT01501,Normal,Login Success,10,0.012890652626720567,Low,IF_v2,2026-08-18T21:13:23.477157
EVT01502,Suspicious,Brute Force,45,-0.011727122272821355,High,IF_v2,2026-08-18T21:13:23.477157
EVT01503,Suspicious,Malware Detection,70,-0.03421027059666304,High,IF_v2,2026-08-18T21:13:23.477157
EVT01504,Normal,Privilege Escalation,0,0.01024038834218155,Low,IF_v2,2026-08-18T21:13:23.477157
EVT01505,Suspicious,Login Success,65,-0.01725584996244056,High,IF_v2,2026-08-18T21:13:23.477157
EVT01506,Suspicious,Privilege Escalation,30,-0.0054308390568758025,High,IF_v2,2026-08-18T21:13:23.477157
EVT01507,Normal,Privilege Escalation,5,0.004039988030743569,Low,IF_v2,2026-08-18T21:13:23.477157
EVT01508,Suspicious,SQL Injection Attempt,30,-0.020417401801470225,High,IF_v2,2026-08-18T21:13:23.477157
EVT01509,Suspicious,Malware Detection,70,-0.04470943681058526,High,IF_v2,2026-08-18T21:13:23.477157
EVT01510,Normal,SQL Injection Attempt,25,0.00020905860232434126,Low,IF_v2,2026-08-18T21:13:23.477157
EVT01511,Normal,Privilege Escalation,0,0.012895729704177572,Low,IF_v2,2026-08-18T21:13:23.477157
EVT01512,Suspicious,USB Device Connected,45,-0.004066018632585489,High,IF_v2,2026-08-18T21:13:23.477157
EVT01513,Suspicious,Phishing Email,30,-0.019279027419476402,Medium,IF_v2,2026-08-18T21:13:23.477157
EVT01514,Normal,File Access,15,0.012455551344939197,Low,IF_v2,2026-08-18T21:13:23.477157
EVT01515,Suspicious,Failed Login,75,-0.022948636490161323,High,IF_v2,2026-08-18T21:13:23.477157
EVT01516,Suspicious,Phishing Email,30,-0.015048805659076403,Medium,IF_v2,2026-08-18T21:13:23.477157
EVT01517,Suspicious,Login Success,55,-0.007034709109942527,High,IF_v2,2026-08-18T21:13:23.477157
EVT01518,Normal,File Access,5,0.001745349984023259,Low,IF_v2,2026-08-18T21:13:23.477157
EVT01519,Normal,SQL Injection Attempt,0,0.002074006794876293,Low,IF_v2,2026-08-18T21:13:23.477157
EVT01520,Suspicious,USB Device Connected,45,-0.005621787576007287,High,IF_v2,2026-08-18T21:13:23.477157
EVT01521,Suspicious,SQL Injection Attempt,35,-0.00688633103750913,High,IF_v2,2026-08-18T21:13:23.477157
EVT01522,Suspicious,SQL Injection Attempt,30,-0.00669589421030603,High,IF_v2,2026-08-18T21:13:23.477157
EVT01523,Normal,File Access,15,0.007578395588591025,Low,IF_v2,2026-08-18T21:13:23.477157
EVT01524,Suspicious,SQL Injection Attempt,35,-0.0037219142575551922,High,IF_v2,2026-08-18T21:13:23.477157
EVT01525,Suspicious,Login Success,55,-0.006203655178132039,High,IF_v2,2026-08-18T21:13:23.477157
EVT01526,Suspicious,Failed Login,75,-0.016105479061491623,High,IF_v2,2026-08-18T21:13:23.477157
EVT01527,Suspicious,Privilege Escalation,30,-0.004983954691945014,High,IF_v2,2026-08-18T21:13:23.477157
EVT01528,Suspicious,Brute Force,50,-0.061081258588416065,High,IF_v2,2026-08-18T21:13:23.477157
EVT01529,Suspicious,Failed Login,50,-0.006651805472504546,High,IF_v2,2026-08-18T21:13:23.477157
EVT01530,Suspicious,USB Device Connected,30,-0.007625104387142034,Medium,IF_v2,2026-08-18T21:13:23.477157
EVT01531,Normal,Privilege Escalation,0,0.009527508483110791,Low,IF_v2,2026-08-18T21:13:23.477157
EVT01532,Suspicious,Phishing Email,30,-0.010136543631601325,Medium,IF_v2,2026-08-18T21:13:23.477157
EVT01533,Suspicious,USB Device Connected,35,-0.008936995046701757,Medium,IF_v2,2026-08-18T21:13:23.477157
EVT01534,Suspicious,Malware Detection,55,-0.05329892555910898,High,IF_v2,2026-08-18T21:13:23.477157
EVT01535,Suspicious,Phishing Email,30,-0.03129118863042046,Medium,IF_v2,2026-08-18T21:13:23.477157
EVT01536,Normal,USB Device Connected,0,0.006479037527643172,Low,IF_v2,2026-08-18T21:13:23.477157
EVT01537,Suspicious,Malware Detection,60,-0.02416290245155972,High,IF_v2,2026-08-18T21:13:23.477157
EVT01538,Suspicious,Privilege Escalation,55,-0.018192176768115798,High,IF_v2,2026-08-18T21:13:23.477157
EVT01539,Suspicious,Phishing Email,45,-0.024361560832587115,High,IF_v2,2026-08-18T21:13:23.477157
EVT01540,Normal,SQL Injection Attempt,25,0.013271253017781426,Low,IF_v2,2026-08-18T21:13:23.477157
EVT01541,Suspicious,File Access,30,-0.01517475912532329,Medium,IF_v2,2026-08-18T21:13:23.477157
EVT01542,Suspicious,Phishing Email,55,-0.014688109295915242,High,IF_v2,2026-08-18T21:13:23.477157
EVT01543,Suspicious,Malware Detection,60,-0.041143862289242605,High,IF_v2,2026-08-18T21:13:23.477157
EVT01544,Normal,Port Scan,0,0.000892797360072306,Low,IF_v2,2026-08-18T21:13:23.477157
EVT01545,Suspicious,SQL Injection Attempt,55,-0.017877230543234646,High,IF_v2,2026-08-18T21:13:23.477157
EVT01546,Suspicious,Login Success,50,-0.008326027250772028,High,IF_v2,2026-08-18T21:13:23.477157
EVT01547,Normal,Privilege Escalation,0,0.01211414054181753,Low,IF_v2,2026-08-18T21:13:23.477157
EVT01548,Suspicious,Brute Force,65,-0.047559234160893915,High,IF_v2,2026-08-18T21:13:23.477157
EVT01549,Suspicious,Port Scan,30,-0.005414134661710812,Medium,IF_v2,2026-08-18T21:13:23.477157
EVT01550,Suspicious,SQL Injection Attempt,35,-0.013719663698505857,High,IF_v2,2026-08-18T21:13:23.477157
EVT01551,Normal,Login Success,25,0.012620922948858193,Low,IF_v2,2026-08-18T21:13:23.477157
EVT01552,Suspicious,File Access,35,-0.0032044407910249983,Medium,IF_v2,2026-08-18T21:13:23.477157
EVT01553,Normal,USB Device Connected,5,0.005148926667289444,Low,IF_v2,2026-08-18T21:13:23.477157
EVT01554,Normal,Port Scan,15,0.010741266613070677,Low,IF_v2,2026-08-18T21:13:23.477157
EVT01555,Normal,USB Device Connected,0,0.008472336760543153,Low,IF_v2,2026-08-18T21:13:23.477157
EVT01556,Suspicious,File Access,55,-0.0054605500449916855,High,IF_v2,2026-08-18T21:13:23.477157
EVT01557,Normal,USB Device Connected,5,0.00054446956667209,Low,IF_v2,2026-08-18T21:13:23.477157
EVT01558,Normal,Login Success,0,0.0006224156220605015,Low,IF_v2,2026-08-18T21:13:23.477157
EVT01559,Suspicious,USB Device Connected,35,-0.007581377817919677,Medium,IF_v2,2026-08-18T21:13:23.477157
EVT01560,Normal,Privilege Escalation,0,0.016939792664159514,Low,IF_v2,2026-08-18T21:13:23.477157
EVT01561,Suspicious,SQL Injection Attempt,45,-0.008007741003001612,High,IF_v2,2026-08-18T21:13:23.477157
EVT01562,Suspicious,Privilege Escalation,45,-0.006935084709767003,High,IF_v2,2026-08-18T21:13:23.477157
EVT01563,Suspicious,Phishing Email,35,-0.0043860220137174055,Medium,IF_v2,2026-08-18T21:13:23.477157
EVT01564,Suspicious,File Access,35,-0.019501279124573112,Medium,IF_v2,2026-08-18T21:13:23.477157
EVT01565,Suspicious,Brute Force,65,-0.02903907430720576,High,IF_v2,2026-08-18T21:13:23.477157
EVT01566,Normal,Privilege Escalation,0,0.008627767095012673,Low,IF_v2,2026-08-18T21:13:23.477157
EVT01567,Normal,Login Success,5,0.007831415968147015,Low,IF_v2,2026-08-18T21:13:23.477157
EVT01568,Suspicious,File Access,30,-0.02402593872793002,Medium,IF_v2,2026-08-18T21:13:23.477157
EVT01569,Normal,SQL Injection Attempt,15,0.0015351248840733689,Low,IF_v2,2026-08-18T21:13:23.477157
EVT01570,Suspicious,Phishing Email,45,-0.018948912591703726,High,IF_v2,2026-08-18T21:13:23.477157
EVT01571,Suspicious,Malware Detection,55,-0.048824027188732244,High,IF_v2,2026-08-18T21:13:23.477157
EVT01572,Normal,File Access,15,0.002778417272202016,Low,IF_v2,2026-08-18T21:13:23.477157
EVT01573,Normal,File Access,0,0.018822861229297883,Low,IF_v2,2026-08-18T21:13:23.477157
EVT01574,Normal,Login Success,35,0.0012984173338694283,Low,IF_v2,2026-08-18T21:13:23.477157
EVT01575,Suspicious,File Access,35,-0.005630469033733654,Medium,IF_v2,2026-08-18T21:13:23.477157
EVT01576,Suspicious,USB Device Connected,45,-0.009404022159107628,High,IF_v2,2026-08-18T21:13:23.477157
EVT01577,Normal,SQL Injection Attempt,5,0.008071940669098276,Low,IF_v2,2026-08-18T21:13:23.477157
EVT01578,Suspicious,Brute Force,55,-0.011115062437162093,High,IF_v2,2026-08-18T21:13:23.477157
EVT01579,Normal,Failed Login,25,6.909154873802059e-05,Low,IF_v2,2026-08-18T21:13:23.477157
EVT01580,Suspicious,Login Success,50,-0.011753260269616428,High,IF_v2,2026-08-18T21:13:23.477157
EVT01581,Normal,USB Device Connected,5,0.004932779859028735,Low,IF_v2,2026-08-18T21:13:23.477157
EVT01582,Suspicious,Failed Login,30,-0.01796083015179817,High,IF_v2,2026-08-18T21:13:23.477157
EVT01583,Suspicious,File Access,55,-0.01583602230239256,High,IF_v2,2026-08-18T21:13:23.477157
EVT01584,Normal,File Access,25,0.006263786624386702,Low,IF_v2,2026-08-18T21:13:23.477157
EVT01585,Suspicious,Brute Force,75,-0.04307139775127422,High,IF_v2,2026-08-18T21:13:23.477157
EVT01586,Normal,Privilege Escalation,0,0.006436656313591083,Low,IF_v2,2026-08-18T21:13:23.477157
EVT01587,Normal,Login Success,10,0.004179900245106172,Low,IF_v2,2026-08-18T21:13:23.477157
EVT01588,Suspicious,Phishing Email,35,-0.007926325276862545,Medium,IF_v2,2026-08-18T21:13:23.477157
EVT01589,Suspicious,Failed Login,50,-0.03181436385674774,High,IF_v2,2026-08-18T21:13:23.477157
EVT01590,Suspicious,SQL Injection Attempt,35,-0.017055714116471776,High,IF_v2,2026-08-18T21:13:23.477157
EVT01591,Normal,SQL Injection Attempt,25,0.01025461641127201,Low,IF_v2,2026-08-18T21:13:23.477157
EVT01592,Suspicious,Port Scan,30,-0.0009911786164962244,Medium,IF_v2,2026-08-18T21:13:23.477157
EVT01593,Suspicious,Failed Login,45,-0.011265209061919412,High,IF_v2,2026-08-18T21:13:23.477157
EVT01594,Suspicious,Phishing Email,45,-0.011571951447310158,High,IF_v2,2026-08-18T21:13:23.477157
EVT01595,Suspicious,USB Device Connected,45,-0.01154097515595831,High,IF_v2,2026-08-18T21:13:23.477157
EVT01596,Normal,Privilege Escalation,5,0.014138241569074117,Low,IF_v2,2026-08-18T21:13:23.477157
EVT01597,Normal,Failed Login,10,0.009151123014479567,Low,IF_v2,2026-08-18T21:13:23.477157
EVT01598,Normal,Login Success,15,0.0024229802540760015,Low,IF_v2,2026-08-18T21:13:23.477157
EVT01599,Suspicious,Failed Login,55,-0.00266096953696926,High,IF_v2,2026-08-18T21:13:23.477157
EVT01600,Suspicious,Login Success,55,-0.02722267732526673,High,IF_v2,2026-08-18T21:13:23.477157
EVT01601,Suspicious,Port Scan,30,-0.013207870251692344,Medium,IF_v2,2026-08-18T21:13:23.477157
EVT01602,Suspicious,Brute Force,55,-0.05269936639863593,High,IF_v2,2026-08-18T21:13:23.477157
EVT01603,Suspicious,USB Device Connected,55,-0.016588716236017986,High,IF_v2,2026-08-18T21:13:23.477157
EVT01604,Suspicious,Brute Force,50,-0.02900837887219765,High,IF_v2,2026-08-18T21:13:23.477157
EVT01605,Normal,SQL Injection Attempt,0,0.013706001293809444,Low,IF_v2,2026-08-18T21:13:23.477157
EVT01606,Suspicious,Brute Force,35,-0.0263202034881852,High,IF_v2,2026-08-18T21:13:23.477157
EVT01607,Suspicious,Brute Force,50,-0.025045640350469967,High,IF_v2,2026-08-18T21:13:23.477157
EVT01608,Suspicious,USB Device Connected,55,-0.0027984036769556075,High,IF_v2,2026-08-18T21:13:23.477157
EVT01609,Normal,Privilege Escalation,5,0.012725113196374926,Low,IF_v2,2026-08-18T21:13:23.477157
EVT01610,Suspicious,Privilege Escalation,45,-0.0038722516129557905,High,IF_v2,2026-08-18T21:13:23.477157
EVT01611,Suspicious,Privilege Escalation,45,-0.01341665226995492,High,IF_v2,2026-08-18T21:13:23.477157
EVT01612,Suspicious,Brute Force,35,-0.016097613694622814,High,IF_v2,2026-08-18T21:13:23.477157
EVT01613,Normal,Phishing Email,0,0.002590194023487591,Low,IF_v2,2026-08-18T21:13:23.477157
EVT01614,Suspicious,USB Device Connected,45,-0.016559235069470657,High,IF_v2,2026-08-18T21:13:23.477157
EVT01615,Normal,SQL Injection Attempt,5,0.002130220876197242,Low,IF_v2,2026-08-18T21:13:23.477157
EVT01616,Suspicious,Phishing Email,30,-0.022067526990785957,Medium,IF_v2,2026-08-18T21:13:23.477157
EVT01617,Suspicious,Failed Login,50,-0.02176798993706386,High,IF_v2,2026-08-18T21:13:23.477157
EVT01618,Suspicious,Malware Detection,55,-0.03299100732360161,High,IF_v2,2026-08-18T21:13:23.477157
EVT01619,Suspicious,Brute Force,40,-0.01831275253418263,High,IF_v2,2026-08-18T21:13:23.477157
EVT01620,Suspicious,Brute Force,35,-0.03966097019212811,High,IF_v2,2026-08-18T21:13:23.477157
EVT01621,Suspicious,Brute Force,40,-0.01037349672669452,High,IF_v2,2026-08-18T21:13:23.477157
EVT01622,Suspicious,Login Success,55,-0.008222576711551022,High,IF_v2,2026-08-18T21:13:23.477157
EVT01623,Normal,Privilege Escalation,5,0.015593744976140245,Low,IF_v2,2026-08-18T21:13:23.477157
EVT01624,Suspicious,Port Scan,45,-0.0016025506875279039,High,IF_v2,2026-08-18T21:13:23.477157
EVT01625,Normal,Port Scan,5,0.007725909150897603,Low,IF_v2,2026-08-18T21:13:23.477157
EVT01626,Suspicious,Failed Login,40,-0.00168554850357705,High,IF_v2,2026-08-18T21:13:23.477157
EVT01627,Normal,Privilege Escalation,5,0.01927729027015629,Low,IF_v2,2026-08-18T21:13:23.477157
EVT01628,Suspicious,Port Scan,30,-0.0026769780386088904,Medium,IF_v2,2026-08-18T21:13:23.477157
EVT01629,Normal,Port Scan,5,0.014689942694663283,Low,IF_v2,2026-08-18T21:13:23.477157
EVT01630,Suspicious,Login Success,75,-0.0217303431139948,High,IF_v2,2026-08-18T21:13:23.477157
EVT01631,Normal,Privilege Escalation,0,0.02007455786614354,Low,IF_v2,2026-08-18T21:13:23.477157
EVT01632,Suspicious,Brute Force,30,-0.006772424784252773,High,IF_v2,2026-08-18T21:13:23.477157
EVT01633,Suspicious,Malware Detection,60,-0.026391990910647478,High,IF_v2,2026-08-18T21:13:23.477157
EVT01634,Suspicious,Phishing Email,30,-0.026596335054925313,Medium,IF_v2,2026-08-18T21:13:23.477157
EVT01635,Suspicious,Port Scan,30,-0.0010499296229697919,Medium,IF_v2,2026-08-18T21:13:23.477157
EVT01636,Normal,File Access,15,0.00041366784639540466,Low,IF_v2,2026-08-18T21:13:23.477157
EVT01637,Suspicious,Login Success,35,-0.005229854731535255,Medium,IF_v2,2026-08-18T21:13:23.477157
EVT01638,Suspicious,Port Scan,30,-0.0050821511712405565,Medium,IF_v2,2026-08-18T21:13:23.477157
EVT01639,Suspicious,SQL Injection Attempt,35,-0.006449045105890727,High,IF_v2,2026-08-18T21:13:23.477157
EVT01640,Normal,SQL Injection Attempt,5,0.012836522135598716,Low,IF_v2,2026-08-18T21:13:23.477157
EVT01641,Normal,Privilege Escalation,25,0.007765460282294967,Low,IF_v2,2026-08-18T21:13:23.477157
EVT01642,Suspicious,Brute Force,65,-0.026715995701553474,High,IF_v2,2026-08-18T21:13:23.477157
EVT01643,Suspicious,USB Device Connected,35,-0.0016701813684844025,Medium,IF_v2,2026-08-18T21:13:23.477157
EVT01644,Normal,Failed Login,10,0.0029604176614273503,Low,IF_v2,2026-08-18T21:13:23.477157
EVT01645,Suspicious,Brute Force,50,-0.052980923004366076,High,IF_v2,2026-08-18T21:13:23.477157
EVT01646,Normal,Failed Login,15,0.011972798706997911,Low,IF_v2,2026-08-18T21:13:23.477157
EVT01647,Suspicious,File Access,45,-0.01013570543288167,High,IF_v2,2026-08-18T21:13:23.477157
EVT01648,Normal,Login Success,15,0.004502135661687889,Low,IF_v2,2026-08-18T21:13:23.477157
EVT01649,Suspicious,Port Scan,30,-0.028471140461356015,Medium,IF_v2,2026-08-18T21:13:23.477157
EVT01650,Suspicious,File Access,35,-0.01759978690485342,Medium,IF_v2,2026-08-18T21:13:23.477157
EVT01651,Normal,Port Scan,15,0.0007605780267201379,Low,IF_v2,2026-08-18T21:13:23.477157
EVT01652,Suspicious,Port Scan,35,-0.023300729500979056,Medium,IF_v2,2026-08-18T21:13:23.477157
EVT01653,Suspicious,USB Device Connected,45,-0.0036829184996848285,High,IF_v2,2026-08-18T21:13:23.477157
EVT01654,Suspicious,Login Success,50,-0.015663668397038588,High,IF_v2,2026-08-18T21:13:23.477157
EVT01655,Normal,Privilege Escalation,25,0.002473107032805233,Low,IF_v2,2026-08-18T21:13:23.477157
EVT01656,Suspicious,File Access,35,-0.005984873426443382,Medium,IF_v2,2026-08-18T21:13:23.477157
EVT01657,Suspicious,Phishing Email,30,-0.015311736091915162,Medium,IF_v2,2026-08-18T21:13:23.477157
EVT01658,Normal,SQL Injection Attempt,5,0.01566208426703458,Low,IF_v2,2026-08-18T21:13:23.477157
EVT01659,Suspicious,USB Device Connected,55,-0.012595503454263746,High,IF_v2,2026-08-18T21:13:23.477157
EVT01660,Normal,USB Device Connected,0,0.010963345162868399,Low,IF_v2,2026-08-18T21:13:23.477157
EVT01661,Suspicious,Privilege Escalation,45,-0.008555534208502302,High,IF_v2,2026-08-18T21:13:23.477157
EVT01662,Normal,Port Scan,0,0.019204060005134027,Low,IF_v2,2026-08-18T21:13:23.477157
EVT01663,Normal,Privilege Escalation,0,0.007525432495857187,Low,IF_v2,2026-08-18T21:13:23.477157
EVT01664,Suspicious,Brute Force,50,-0.01628367191093605,High,IF_v2,2026-08-18T21:13:23.477157
EVT01665,Normal,Privilege Escalation,0,0.009932372558781821,Low,IF_v2,2026-08-18T21:13:23.477157
EVT01666,Suspicious,Login Success,50,-0.0036712953639536083,High,IF_v2,2026-08-18T21:13:23.477157
EVT01667,Suspicious,File Access,35,-0.0016690914473698193,Medium,IF_v2,2026-08-18T21:13:23.477157
EVT01668,Suspicious,Malware Detection,60,-0.04437748062096347,High,IF_v2,2026-08-18T21:13:23.477157
EVT01669,Suspicious,Brute Force,35,-0.02818947592155907,High,IF_v2,2026-08-18T21:13:23.477157
EVT01670,Suspicious,USB Device Connected,45,-0.007255707144829038,High,IF_v2,2026-08-18T21:13:23.477157
EVT01671,Suspicious,Port Scan,35,-0.0020129803007451486,Medium,IF_v2,2026-08-18T21:13:23.477157
EVT01672,Suspicious,Brute Force,75,-0.051330838051858674,High,IF_v2,2026-08-18T21:13:23.477157
EVT01673,Suspicious,Malware Detection,60,-0.0335928411435481,High,IF_v2,2026-08-18T21:13:23.477157
EVT01674,Suspicious,Privilege Escalation,45,-0.004588791071701626,High,IF_v2,2026-08-18T21:13:23.477157
EVT01675,Suspicious,Brute Force,50,-0.020673785634666597,High,IF_v2,2026-08-18T21:13:23.477157
EVT01676,Suspicious,Phishing Email,30,-0.006480990413731069,Medium,IF_v2,2026-08-18T21:13:23.477157
EVT01677,Suspicious,File Access,35,-0.004570733731065535,Medium,IF_v2,2026-08-18T21:13:23.477157
EVT01678,Suspicious,Login Success,40,-0.011735920763461305,Medium,IF_v2,2026-08-18T21:13:23.477157
EVT01679,Suspicious,Brute Force,35,-0.01821803018570889,High,IF_v2,2026-08-18T21:13:23.477157
EVT01680,Suspicious,Phishing Email,55,-0.014656539827902826,High,IF_v2,2026-08-18T21:13:23.477157
EVT01681,Normal,USB Device Connected,25,0.001274485211820553,Low,IF_v2,2026-08-18T21:13:23.477157
EVT01682,Suspicious,Malware Detection,60,-0.022455798046231323,High,IF_v2,2026-08-18T21:13:23.477157
EVT01683,Suspicious,Brute Force,55,-0.04115829922532788,High,IF_v2,2026-08-18T21:13:23.477157
EVT01684,Normal,Port Scan,0,0.007300607895438238,Low,IF_v2,2026-08-18T21:13:23.477157
EVT01685,Suspicious,Phishing Email,30,-0.02809489172930535,Medium,IF_v2,2026-08-18T21:13:23.477157
EVT01686,Suspicious,Login Success,45,-0.004908635474543455,Medium,IF_v2,2026-08-18T21:13:23.477157
EVT01687,Suspicious,Port Scan,35,-0.011895047218227428,Medium,IF_v2,2026-08-18T21:13:23.477157
EVT01688,Suspicious,Malware Detection,60,-0.028626377593667374,High,IF_v2,2026-08-18T21:13:23.477157
EVT01689,Suspicious,USB Device Connected,30,-0.017683340861144425,Medium,IF_v2,2026-08-18T21:13:23.477157
EVT01690,Normal,File Access,5,0.01636522372383259,Low,IF_v2,2026-08-18T21:13:23.477157
EVT01691,Normal,Privilege Escalation,0,0.006172709196191117,Low,IF_v2,2026-08-18T21:13:23.477157
EVT01692,Normal,USB Device Connected,25,0.0032886120946540864,Low,IF_v2,2026-08-18T21:13:23.477157
EVT01693,Normal,File Access,15,0.01170776433074261,Low,IF_v2,2026-08-18T21:13:23.477157
EVT01694,Normal,File Access,15,0.015824110622969567,Low,IF_v2,2026-08-18T21:13:23.477157
EVT01695,Suspicious,Malware Detection,70,-0.02910757852550505,High,IF_v2,2026-08-18T21:13:23.477157
EVT01696,Normal,File Access,0,0.004310934674096434,Low,IF_v2,2026-08-18T21:13:23.477157
EVT01697,Suspicious,Brute Force,50,-0.029304000434698052,High,IF_v2,2026-08-18T21:13:23.477157
EVT01698,Suspicious,Malware Detection,60,-0.03942964599636167,High,IF_v2,2026-08-18T21:13:23.477157
EVT01699,Suspicious,Login Success,65,-0.01028973721250126,High,IF_v2,2026-08-18T21:13:23.477157
EVT01700,Suspicious,Failed Login,55,-0.015961091029821572,High,IF_v2,2026-08-18T21:13:23.477157
EVT01701,Suspicious,Failed Login,50,-0.01773340333513962,High,IF_v2,2026-08-18T21:13:23.477157
EVT01702,Suspicious,Privilege Escalation,35,-0.010723008393797362,High,IF_v2,2026-08-18T21:13:23.477157
EVT01703,Suspicious,Phishing Email,30,-0.02151403014918618,Medium,IF_v2,2026-08-18T21:13:23.477157
EVT01704,Suspicious,Phishing Email,30,-0.01716055783728787,Medium,IF_v2,2026-08-18T21:13:23.477157
EVT01705,Normal,Privilege Escalation,0,0.009192470495628713,Low,IF_v2,2026-08-18T21:13:23.477157
EVT01706,Suspicious,Brute Force,50,-0.012951246325946464,High,IF_v2,2026-08-18T21:13:23.477157
EVT01707,Suspicious,Brute Force,35,-0.02136162139968656,High,IF_v2,2026-08-18T21:13:23.477157
EVT01708,Suspicious,Malware Detection,70,-0.04597081616349441,High,IF_v2,2026-08-18T21:13:23.477157
EVT01709,Suspicious,Login Success,50,-0.0038618062982385126,High,IF_v2,2026-08-18T21:13:23.477157
EVT01710,Suspicious,Malware Detection,55,-0.0598232926650506,High,IF_v2,2026-08-18T21:13:23.477157
EVT01711,Suspicious,Brute Force,30,-0.04879635048921238,High,IF_v2,2026-08-18T21:13:23.477157
EVT01712,Suspicious,Malware Detection,55,-0.04603472459649127,High,IF_v2,2026-08-18T21:13:23.477157
EVT01713,Suspicious,Privilege Escalation,35,-0.003996608020307102,High,IF_v2,2026-08-18T21:13:23.477157
EVT01714,Suspicious,Phishing Email,35,-0.009129197795846089,Medium,IF_v2,2026-08-18T21:13:23.477157
EVT01715,Normal,SQL Injection Attempt,0,0.008739041140502002,Low,IF_v2,2026-08-18T21:13:23.477157
EVT01716,Suspicious,Phishing Email,35,-0.023275521947949462,Medium,IF_v2,2026-08-18T21:13:23.477157
EVT01717,Suspicious,Malware Detection,55,-0.05141831683363207,High,IF_v2,2026-08-18T21:13:23.477157
EVT01718,Suspicious,Login Success,55,-0.006311379560963393,High,IF_v2,2026-08-18T21:13:23.477157
EVT01719,Suspicious,Failed Login,45,-0.001240369816028264,High,IF_v2,2026-08-18T21:13:23.477157
EVT01720,Suspicious,Phishing Email,35,-0.005112656808406557,Medium,IF_v2,2026-08-18T21:13:23.477157
EVT01721,Suspicious,Port Scan,30,-0.015160376052611446,Medium,IF_v2,2026-08-18T21:13:23.477157
EVT01722,Normal,Privilege Escalation,0,0.01432218767201171,Low,IF_v2,2026-08-18T21:13:23.477157
EVT01723,Suspicious,Brute Force,55,-0.03313642219819113,High,IF_v2,2026-08-18T21:13:23.477157
EVT01724,Suspicious,Port Scan,30,-0.016276613882935886,Medium,IF_v2,2026-08-18T21:13:23.477157
EVT01725,Suspicious,Phishing Email,35,-0.002119871329006484,Medium,IF_v2,2026-08-18T21:13:23.477157
EVT01726,Normal,Privilege Escalation,5,0.005235969657068906,Low,IF_v2,2026-08-18T21:13:23.477157
EVT01727,Normal,USB Device Connected,5,0.005937011405664827,Low,IF_v2,2026-08-18T21:13:23.477157
EVT01728,Suspicious,Malware Detection,55,-0.040944391636439814,High,IF_v2,2026-08-18T21:13:23.477157
EVT01729,Suspicious,Phishing Email,35,-0.012085695657331974,Medium,IF_v2,2026-08-18T21:13:23.477157
EVT01730,Suspicious,Login Success,55,-0.0048053229329384495,High,IF_v2,2026-08-18T21:13:23.477157
EVT01731,Normal,File Access,0,0.009591051473344492,Low,IF_v2,2026-08-18T21:13:23.477157
EVT01732,Suspicious,Port Scan,35,-0.023719573208182965,Medium,IF_v2,2026-08-18T21:13:23.477157
EVT01733,Suspicious,Failed Login,55,-0.006733091240251565,High,IF_v2,2026-08-18T21:13:23.477157
EVT01734,Suspicious,Failed Login,30,-0.008538548968974213,High,IF_v2,2026-08-18T21:13:23.477157
EVT01735,Suspicious,Privilege Escalation,35,-0.009934531279497949,High,IF_v2,2026-08-18T21:13:23.477157
EVT01736,Suspicious,Brute Force,30,-0.017045762566300304,High,IF_v2,2026-08-18T21:13:23.477157
EVT01737,Suspicious,Login Success,50,-0.004301523787312633,High,IF_v2,2026-08-18T21:13:23.477157
EVT01738,Normal,Port Scan,5,0.004629262324710615,Low,IF_v2,2026-08-18T21:13:23.477157
EVT01739,Normal,SQL Injection Attempt,15,0.010912127322685206,Low,IF_v2,2026-08-18T21:13:23.477157
EVT01740,Suspicious,Failed Login,65,-0.009875523891830662,High,IF_v2,2026-08-18T21:13:23.477157
EVT01741,Suspicious,Brute Force,30,-0.03400174879372175,High,IF_v2,2026-08-18T21:13:23.477157
EVT01742,Suspicious,Login Success,50,-0.012999674785101778,High,IF_v2,2026-08-18T21:13:23.477157
EVT01743,Suspicious,USB Device Connected,30,-0.01643093254355199,Medium,IF_v2,2026-08-18T21:13:23.477157
EVT01744,Normal,Phishing Email,0,0.0003459627661839271,Low,IF_v2,2026-08-18T21:13:23.477157
EVT01745,Suspicious,Brute Force,30,-0.03666133653525472,High,IF_v2,2026-08-18T21:13:23.477157
EVT01746,Suspicious,Brute Force,75,-0.06405239051114531,High,IF_v2,2026-08-18T21:13:23.477157
EVT01747,Suspicious,USB Device Connected,55,-0.017624964636645868,High,IF_v2,2026-08-18T21:13:23.477157
EVT01748,Suspicious,Malware Detection,55,-0.039163885458100456,High,IF_v2,2026-08-18T21:13:23.477157
EVT01749,Normal,File Access,15,0.0075363801810001685,Low,IF_v2,2026-08-18T21:13:23.477157
EVT01750,Suspicious,File Access,30,-0.0020129541809728035,Medium,IF_v2,2026-08-18T21:13:23.477157
EVT01751,Suspicious,Login Success,55,-0.019696398663972103,High,IF_v2,2026-08-18T21:13:23.477157
EVT01752,Suspicious,Phishing Email,35,-0.017401151701677886,Medium,IF_v2,2026-08-18T21:13:23.477157
EVT01753,Suspicious,Brute Force,50,-0.04782078428568193,High,IF_v2,2026-08-18T21:13:23.477157
EVT01754,Suspicious,SQL Injection Attempt,30,-0.003934233724298797,High,IF_v2,2026-08-18T21:13:23.477157
EVT01755,Suspicious,USB Device Connected,30,-0.011120260133590909,Medium,IF_v2,2026-08-18T21:13:23.477157
EVT01756,Suspicious,Privilege Escalation,30,-0.003149346548853682,High,IF_v2,2026-08-18T21:13:23.477157
EVT01757,Suspicious,Login Success,65,-0.016760234246046668,High,IF_v2,2026-08-18T21:13:23.477157
EVT01758,Suspicious,Phishing Email,30,-0.018146978441523798,Medium,IF_v2,2026-08-18T21:13:23.477157
EVT01759,Suspicious,Privilege Escalation,30,-0.010963763113278846,High,IF_v2,2026-08-18T21:13:23.477157
EVT01760,Normal,SQL Injection Attempt,15,0.002262601475409187,Low,IF_v2,2026-08-18T21:13:23.477157
EVT01761,Suspicious,File Access,30,-0.007422765968015166,Medium,IF_v2,2026-08-18T21:13:23.477157
EVT01762,Suspicious,USB Device Connected,45,-0.016205529429654475,High,IF_v2,2026-08-18T21:13:23.477157
EVT01763,Suspicious,Privilege Escalation,35,-0.005728589989578592,High,IF_v2,2026-08-18T21:13:23.477157
EVT01764,Normal,Failed Login,25,0.005610901731343598,Low,IF_v2,2026-08-18T21:13:23.477157
EVT01765,Suspicious,Malware Detection,55,-0.0310898986940632,High,IF_v2,2026-08-18T21:13:23.477157
EVT01766,Suspicious,Port Scan,30,-0.004176434366912618,Medium,IF_v2,2026-08-18T21:13:23.477157
EVT01767,Normal,Failed Login,15,0.007045798730223707,Low,IF_v2,2026-08-18T21:13:23.477157
EVT01768,Normal,Failed Login,15,0.00031985268649314946,Low,IF_v2,2026-08-18T21:13:23.477157
EVT01769,Suspicious,SQL Injection Attempt,35,-0.0018191838861739695,High,IF_v2,2026-08-18T21:13:23.477157
EVT01770,Suspicious,Port Scan,30,-0.01816296866967182,Medium,IF_v2,2026-08-18T21:13:23.477157
EVT01771,Normal,SQL Injection Attempt,5,0.0098985458845397,Low,IF_v2,2026-08-18T21:13:23.477157
EVT01772,Suspicious,USB Device Connected,45,-0.017896256045463743,High,IF_v2,2026-08-18T21:13:23.477157
EVT01773,Suspicious,Brute Force,65,-0.014118271155470374,High,IF_v2,2026-08-18T21:13:23.477157
EVT01774,Suspicious,Phishing Email,45,-0.015497123924740452,High,IF_v2,2026-08-18T21:13:23.477157
EVT01775,Suspicious,Phishing Email,30,-0.01562682942753113,Medium,IF_v2,2026-08-18T21:13:23.477157
EVT01776,Suspicious,Phishing Email,35,-0.012541849905534419,Medium,IF_v2,2026-08-18T21:13:23.477157
EVT01777,Normal,Login Success,0,0.006339952698302342,Low,IF_v2,2026-08-18T21:13:23.477157
EVT01778,Normal,SQL Injection Attempt,25,0.004397054091176633,Low,IF_v2,2026-08-18T21:13:23.477157
EVT01779,Normal,Privilege Escalation,0,0.011751119853705305,Low,IF_v2,2026-08-18T21:13:23.477157
EVT01780,Normal,Login Success,10,0.005900858720252977,Low,IF_v2,2026-08-18T21:13:23.477157
EVT01781,Suspicious,File Access,30,-0.007472946398658364,Medium,IF_v2,2026-08-18T21:13:23.477157
EVT01782,Normal,Port Scan,0,0.002214639351577008,Low,IF_v2,2026-08-18T21:13:23.477157
EVT01783,Suspicious,Login Success,45,-0.00023946977545430403,High,IF_v2,2026-08-18T21:13:23.477157
EVT01784,Suspicious,Login Success,50,-0.028051967374542297,High,IF_v2,2026-08-18T21:13:23.477157
EVT01785,Suspicious,Privilege Escalation,30,-0.008105990957268605,High,IF_v2,2026-08-18T21:13:23.477157
EVT01786,Suspicious,USB Device Connected,30,-0.00401659901834206,Medium,IF_v2,2026-08-18T21:13:23.477157
EVT01787,Normal,SQL Injection Attempt,0,0.0006912700566357732,Low,IF_v2,2026-08-18T21:13:23.477157
EVT01788,Suspicious,File Access,35,-0.010333535694617701,Medium,IF_v2,2026-08-18T21:13:23.477157
EVT01789,Suspicious,Phishing Email,30,-0.014561413384941435,Medium,IF_v2,2026-08-18T21:13:23.477157
EVT01790,Suspicious,Malware Detection,55,-0.03515076203594658,High,IF_v2,2026-08-18T21:13:23.477157
EVT01791,Suspicious,Port Scan,45,-0.017446958626428533,High,IF_v2,2026-08-18T21:13:23.477157
EVT01792,Suspicious,Port Scan,35,-0.008415401803353206,Medium,IF_v2,2026-08-18T21:13:23.477157
EVT01793,Suspicious,USB Device Connected,55,-0.007400970879264945,High,IF_v2,2026-08-18T21:13:23.477157
EVT01794,Suspicious,Brute Force,75,-0.042653375835575824,High,IF_v2,2026-08-18T21:13:23.477157
EVT01795,Normal,Privilege Escalation,15,0.014934185693757485,Low,IF_v2,2026-08-18T21:13:23.477157
EVT01796,Suspicious,Failed Login,65,-0.03129197927848848,High,IF_v2,2026-08-18T21:13:23.477157
EVT01797,Normal,Failed Login,0,0.005719371447866772,Low,IF_v2,2026-08-18T21:13:23.477157
EVT01798,Suspicious,Brute Force,40,-0.014963662901989139,High,IF_v2,2026-08-18T21:13:23.477157
EVT01799,Suspicious,Login Success,55,-0.013571693969817611,High,IF_v2,2026-08-18T21:13:23.477157
EVT01800,Suspicious,Phishing Email,35,-0.0014902648320294087,Medium,IF_v2,2026-08-18T21:13:23.477157
